,Rank,Channel,Duration,Views,Likes,Uploaded,Subscribers,Duration Seconds
0,1,Djpresse,0:22,2226945,223,2022-10-05T10:30:39-04:00,13,22
1,2,RealRogerStone,19:11,1808459,43,2022-10-19T15:29:03-04:00,1620,1151
2,3,RevolverNews,5:35,1795851,34,2022-10-21T19:45:21-04:00,977,335
3,4,Right Side Broadcasting Network,13:40:29,1629909,17800,2022-10-17T17:34:12-04:00,382000,49229
4,5,IowaRaw,5:00,873936,758,2022-10-05T19:27:03-04:00,186,300
5,6,Sharyl Attkisson,33:22,1484102,226,2022-10-24T12:54:14-04:00,8920,2002
6,7,RevolverNews,4:29,1372222,24,2022-10-18T12:33:32-04:00,977,269
7,8,TateSpeech,1:31:55,1712445,42000,2022-10-25T09:42:23-04:00,773000,5515
8,9,Explain America,4:05,603644,107,2022-10-12T20:03:18-04:00,3070,245
9,10,Explain America,3:51,598617,26,2022-10-11T20:22:44-04:00,3070,231
10,11,Explain America,3:51,586559,116,2022-10-10T20:01:59-04:00,3070,231
11,12,Explain America,4:34,578606,147,2022-10-05T19:33:21-04:00,3070,274
12,13,Explain America,4:12,574718,218,2022-10-09T20:45:17-04:00,3070,252
13,14,Explain America,4:11,574422,177,2022-10-08T19:58:16-04:00,3070,251
14,15,Explain America,4:24,568958,48,2022-10-13T21:09:21-04:00,3070,264
15,16,Explain America,4:15,568830,72,2022-10-07T20:00:04-04:00,3070,255
16,17,Stew Peters Network,4:20,853201,2960,2022-10-26T19:00:00-04:00,440000,260
17,18,Explain America,6:08,568221,96,2022-10-06T20:07:37-04:00,3070,368
18,19,Explain America,4:02,564070,220,2022-10-14T20:19:02-04:00,3070,242
20,21,Explain America,4:17,558298,89,2022-10-04T19:37:41-04:00,3070,257
21,22,Explain America,4:45,526602,54,2022-10-03T19:37:18-04:00,3070,285
22,23,Explain America,3:57,524677,130,2022-10-15T20:18:20-04:00,3070,237
23,24,AMERICA First with Sebastian Gorka,8:37,992904,125,2022-10-06T18:04:00-04:00,376000,517
24,25,Explain America,4:13,506914,149,2022-10-16T20:50:44-04:00,3070,253
25,26,Bannons War Room,4:02,967083,836,2022-10-27T12:13:08-04:00,810000,242
26,27,Explain America,4:03,471149,96,2022-10-17T19:42:58-04:00,3070,243
27,28,Bannons War Room,7:26,886488,427,2022-10-07T12:04:44-04:00,810000,446
28,29,Explain America,4:12,440952,47,2022-10-18T20:22:23-04:00,3070,252
29,30,Explain America,4:59,414131,67,2022-10-19T20:25:16-04:00,3070,299
30,31,Bannons War Room,11:11,739957,780,2022-10-18T12:09:34-04:00,810000,671
31,32,Explain America,5:30,379913,90,2022-10-20T20:23:46-04:00,3070,330
32,33,TateSpeech,1:14:01,842155,30100,2022-10-07T11:15:38-04:00,773000,4441
33,34,Explain America,4:47,347694,88,2022-10-21T20:11:48-04:00,3070,287
34,35,RevolverNews,6:17,651008,38,2022-10-07T18:47:19-04:00,977,377
35,36,RevolverNews,7:21,643084,23,2022-10-07T18:50:30-04:00,977,441
36,37,RevolverNews,12:43,644750,23,2022-10-13T12:19:32-04:00,977,763
37,38,RealAmericasVoice,1:01:14,670375,43,2022-10-18T15:24:13-04:00,55600,3674
38,39,RealRogerStone,25:28,608084,27,2022-10-18T13:58:34-04:00,1620,1528
39,40,HumanEventsMediaGroup,8:23,321953,9,2022-10-07T18:27:16-04:00,294,503
40,41,Explain America,4:12,325065,144,2022-10-22T19:58:14-04:00,3070,252
41,42,HumanEventsMediaGroup,8:40,321304,9,2022-10-07T18:16:51-04:00,294,520
42,43,HumanEventsMediaGroup,5:35,321163,6,2022-10-07T18:19:08-04:00,294,335
43,44,HumanEventsMediaGroup,3:55,322220,6,2022-10-07T18:14:21-04:00,294,235
44,45,HumanEventsMediaGroup,4:21,323911,27,2022-10-07T18:22:02-04:00,294,261
45,46,HumanEventsMediaGroup,3:36,322117,25,2022-10-07T18:21:07-04:00,294,216
46,47,HumanEventsMediaGroup,5:16,320679,6,2022-10-07T18:18:00-04:00,294,316
47,48,HumanEventsMediaGroup,3:19,322121,8,2022-10-07T18:24:44-04:00,294,199
48,49,HumanEventsMediaGroup,2:10,324548,3,2022-10-07T18:11:08-04:00,294,130
49,50,HumanEventsMediaGroup,2:26,325844,28,2022-10-07T18:25:37-04:00,294,146
50,51,HumanEventsMediaGroup,3:55,320250,18,2022-10-07T18:27:45-04:00,294,235
51,52,HumanEventsMediaGroup,2:42,321240,34,2022-10-07T18:12:35-04:00,294,162
52,53,HumanEventsMediaGroup,1:42,322647,6,2022-10-07T18:23:35-04:00,294,102
53,54,HumanEventsMediaGroup,1:19,323833,6,2022-10-07T18:20:04-04:00,294,79
54,55,Explain America,4:18,299637,44,2022-10-23T20:10:57-04:00,3070,258
55,56,Steven Crowder,1:11:29,651162,29000,2022-10-31T08:04:42-04:00,957000,4289
56,57,X22 Report,49:50,372766,12400,2022-10-26T19:27:38-04:00,614000,2990
57,58,Explain America,4:09,270263,110,2022-10-24T20:04:14-04:00,3070,249
58,59,HARPAXO,5:59,527625,82,2022-10-14T04:06:53-04:00,2950,359
59,60,The Gateway Pundit,5:50,339247,1170,2022-10-18T05:03:55-04:00,156000,350
60,61,Donald J. Trump,3:01:40,432928,15400,2022-10-09T08:02:29-04:00,1550000,10900
61,62,X22 Report,41:00,359948,12700,2022-10-20T19:09:16-04:00,614000,2460
62,63,X22 Report,47:37,357697,12600,2022-10-18T19:08:47-04:00,614000,2857
63,64,CayleyWilders,0:46,242730,581,2022-10-03T16:11:04-04:00,51,46
64,65,Sunfellow On COVID-19,3:56,477121,226,2022-10-05T15:06:52-04:00,20800,236
65,66,RevolverNews,49:37,499779,13,2022-10-24T13:26:57-04:00,977,2977
66,67,X22 Report,53:22,344110,13000,2022-10-14T18:29:41-04:00,614000,3202
67,68,Donald J. Trump,2:42:21,402849,14400,2022-10-20T13:54:17-04:00,1550000,9741
68,69,X22 Report,48:35,339244,12100,2022-10-19T19:34:14-04:00,614000,2915
69,70,X22 Report,45:10,328437,11500,2022-10-21T18:07:20-04:00,614000,2710
70,71,Explain America,4:13,243498,46,2022-10-25T19:58:48-04:00,3070,253
71,72,The Post Millennial Clips,3:09,269232,66,2022-10-28T13:37:37-04:00,78900,189
72,73,X22 Report,46:07,329410,12100,2022-10-28T18:57:25-04:00,614000,2767
73,74,The Dan Bongino Show,55:24,515573,15300,2022-10-20T10:09:28-04:00,2470000,3324
74,75,Greg Hunter's USAWatchdog.com,39:29,290149,1370,2022-10-18T22:26:00-04:00,49900,2369
75,76,X22 Report,44:55,313000,11700,2022-10-17T19:03:15-04:00,614000,2695
76,77,X22 Report,57:41,331247,12600,2022-10-23T18:55:13-04:00,614000,3461
77,78,BonginoReport,3:09,245710,2830,2022-10-19T19:01:52-04:00,490000,189
78,79,X22 Report,56:39,320853,12200,2022-10-16T18:49:31-04:00,614000,3399
79,80,RealAmericasVoice,5:20:25,471117,493,2022-10-22T13:09:30-04:00,55600,19225
80,81,X22 Report,54:52,314192,11300,2022-10-25T19:34:07-04:00,614000,3292
81,82,Phil Godlewski 2.0,1:07:34,420541,13400,2022-10-07T20:31:12-04:00,148000,4054
82,83,X22 Report,46:38,324199,12400,2022-10-30T16:37:55-04:00,614000,2798
83,84,X22 Report,45:44,307602,11700,2022-10-12T18:19:26-04:00,614000,2744
84,85,X22 Report,49:56,310404,11200,2022-10-27T19:08:42-04:00,614000,2996
85,86,X22 Report,46:20,318176,12600,2022-10-24T19:05:10-04:00,614000,2780
86,87,BonginoReport,0:33,224448,502,2022-10-14T09:30:26-04:00,490000,33
87,88,Steven Crowder,1:05:17,466676,24100,2022-11-01T08:29:37-04:00,957000,3917
88,89,X22 Report,50:23,298369,11300,2022-10-13T19:33:03-04:00,614000,3023
89,90,Explain America,4:14,218028,41,2022-10-26T20:36:32-04:00,3070,254
90,91,Phil Godlewski 2.0,1:34:32,381131,14500,2022-10-12T20:04:37-04:00,148000,5672
91,92,Greg Hunter's USAWatchdog.com,58:09,261251,1730,2022-10-15T20:53:51-04:00,49900,3489
92,93,JULIE GREEN MINISTRIES,13:18,294544,10000,2022-10-12T06:53:45-04:00,143000,798
93,94,X22 Report,52:29,279681,11300,2022-10-31T19:11:01-04:00,614000,3149
94,95,Phil Godlewski 2.0,1:56:10,389439,8210,2022-10-26T18:40:17-04:00,148000,6970
95,96,The Dan Bongino Show,55:11,290862,15500,2022-10-10T10:35:35-04:00,2470000,3311
96,97,The Dan Bongino Show,57:18,292628,15300,2022-10-21T10:19:59-04:00,2470000,3438
97,98,The Charlie Ward Show,57:00,258210,1780,2022-10-16T17:43:27-04:00,159000,3420
98,99,JULIE GREEN MINISTRIES,37:26,301419,14100,2022-10-07T07:09:47-04:00,143000,2246
99,100,Explain America,3:48,186698,68,2022-10-27T20:34:26-04:00,3070,228
100,101,The Dan Bongino Show,53:36,282091,14900,2022-10-19T10:17:15-04:00,2470000,3216
101,102,Tommy's Garage On BPR TV,49:30,358654,124,2022-10-21T10:53:42-04:00,5910,2970
102,103,Just The News,1:37,197551,218,2022-10-26T20:41:43-04:00,443000,97
103,104,Rekieta Law,5:44:01,521783,12600,2022-10-26T09:31:14-04:00,93400,20641
104,105,The Charlie Ward Show,35:58,236341,616,2022-10-16T04:44:05-04:00,159000,2158
105,106,The Charlie Ward Show,35:54,231616,330,2022-10-17T08:47:14-04:00,159000,2154
106,107,Bannons War Room,5:55,331317,478,2022-10-11T11:21:50-04:00,810000,355
107,108,The Dan Bongino Show,55:46,269443,15100,2022-10-12T10:04:29-04:00,2470000,3346
108,109,The Dan Bongino Show,59:13,272535,15300,2022-10-14T10:24:49-04:00,2470000,3553
109,110,The Dan Bongino Show,56:28,264833,13600,2022-10-28T10:13:13-04:00,2470000,3388
110,111,The Charlie Ward Show,42:16,223525,653,2022-10-18T03:48:31-04:00,159000,2536
111,112,JULIE GREEN MINISTRIES,41:27,260699,12500,2022-10-21T07:30:00-04:00,143000,2487
112,114,The Charlie Ward Show,40:14,218704,449,2022-10-18T02:17:25-04:00,159000,2414
113,115,The Dan Bongino Show,54:04,262332,13600,2022-10-31T09:58:51-04:00,2470000,3244
114,116,The Charlie Ward Show,44:35,215377,262,2022-10-14T11:57:37-04:00,159000,2675
115,117,vivafrei,2:09:10,239925,6680,2022-10-30T09:49:59-04:00,286000,7750
116,118,welcometheeagle,16:06,180320,10,2022-10-05T13:38:23-04:00,316,966
117,119,Phil Godlewski 2.0,2:02:17,303201,7980,2022-10-10T18:56:10-04:00,148000,7337
118,120,The Charlie Ward Show,1:17:18,207934,145,2022-10-15T10:50:44-04:00,159000,4638
119,121,Explain America,4:29,157184,133,2022-10-28T20:13:25-04:00,3070,269
120,122,Predator Poachers,0:48,197044,854,2022-10-14T19:04:02-04:00,3380,48
121,123,Phil Godlewski 2.0,30:31,317209,6840,2022-10-09T20:26:36-04:00,148000,1831
122,124,JULIE GREEN MINISTRIES,41:22,244861,12200,2022-10-14T07:30:00-04:00,143000,2482
123,125,The Gateway Pundit,1:24,169816,461,2022-10-22T07:49:31-04:00,156000,84
124,126,Emerald Robinson,9:15,199466,19,2022-10-18T14:28:33-04:00,3080,555
125,127,Donald J. Trump,1:37:53,251590,9140,2022-10-06T13:48:29-04:00,1550000,5873
126,128,The Dan Bongino Show,56:36,242542,14200,2022-10-03T11:09:00-04:00,2470000,3396
127,129,QNewsPatriot,31:06,215439,5490,2022-10-02T21:47:21-04:00,62500,1866
128,130,Greg Hunter's USAWatchdog.com,53:08,204844,1590,2022-10-29T18:50:02-04:00,49900,3188
129,131,Steven Crowder,1:32:11,284108,17200,2022-10-13T09:00:00-04:00,957000,5531
130,132,The Dan Bongino Show,54:43,246807,13500,2022-10-25T09:49:18-04:00,2470000,3283
131,133,The Dan Bongino Show,57:15,239287,15200,2022-10-17T09:59:30-04:00,2470000,3435
132,134,TheSaltyCracker,2:37:00,238569,10700,2022-10-30T19:29:14-04:00,228000,9420
133,135,Voice for Science and Solidarity,46:08,187894,310,2022-10-08T14:29:01-04:00,2530,2768
134,136,The Dan Bongino Show,54:10,249571,14300,2022-10-26T10:17:40-04:00,2470000,3250
135,137,The Dan Bongino Show,55:47,234700,13700,2022-10-11T10:18:27-04:00,2470000,3347
136,138,The Dan Bongino Show,55:32,233362,14400,2022-10-05T10:47:21-04:00,2470000,3332
137,139,The Charlie Ward Show,36:12,190719,817,2022-10-14T12:02:37-04:00,159000,2172
138,140,The Dan Bongino Show,55:02,231282,13300,2022-10-04T11:00:56-04:00,2470000,3302
139,141,The Dan Bongino Show,47:18,212533,11800,2022-10-24T09:30:00-04:00,2470000,2838
140,142,KariLake,38:36,166243,1360,2022-10-27T18:16:45-04:00,33500,2316
141,143,The Dan Bongino Show,51:34,228168,13400,2022-10-06T10:39:11-04:00,2470000,3094
142,144,The Dan Bongino Show,54:19,229036,13900,2022-10-27T09:50:20-04:00,2470000,3259
143,145,JULIE GREEN MINISTRIES,36:07,221469,11500,2022-10-11T06:57:26-04:00,143000,2167
144,146,DaveWaterbury,5:15,182778,1310,2022-10-04T00:48:46-04:00,22200,315
145,147,Elijah Streams,1:43:28,265666,5670,2022-10-06T10:40:30-04:00,121000,6208
146,148,The Dan Bongino Show,55:43,222813,13400,2022-10-18T10:06:13-04:00,2470000,3343
147,149,TateSpeech,1:41:02,237011,15500,2022-10-09T15:00:00-04:00,773000,6062
148,150,The Dan Bongino Show,58:24,226348,13400,2022-10-07T11:01:59-04:00,2470000,3504
149,151,And We Know,1:01:06,219813,12400,2022-10-24T12:59:56-04:00,348000,3666
150,152,JULIE GREEN MINISTRIES,31:39,209445,11800,2022-10-19T07:30:00-04:00,143000,1899
151,153,BonginoReport,0:55,140993,1340,2022-10-13T17:56:02-04:00,490000,55
152,154,ChristianPatriotNews,31:09,170452,2060,2022-10-05T18:25:07-04:00,89400,1869
153,155,JULIE GREEN MINISTRIES,40:41,217144,11200,2022-10-28T07:08:52-04:00,143000,2441
154,156,The Charlie Ward Show,0:50,181326,1030,2022-10-22T05:08:11-04:00,159000,50
155,157,And We Know,58:53,225467,12600,2022-10-29T10:46:06-04:00,348000,3533
156,158,And We Know,58:52,210775,11100,2022-10-14T14:07:55-04:00,348000,3532
157,159,Steven Crowder,1:04:47,249982,13600,2022-10-27T08:29:51-04:00,957000,3887
158,160,JTN2020,1:03,135465,2,2022-10-14T15:02:29-04:00,4360,63
159,161,Elijah Streams,1:43:17,245789,5810,2022-10-07T13:06:23-04:00,121000,6197
160,162,Russell Brand,1:06:33,192288,6900,2022-10-27T07:28:16-04:00,767000,3993
161,163,The Post Millennial Clips,6:30,250229,217,2022-10-18T21:19:30-04:00,78900,390
162,164,The Charlie Ward Show,35:43,180763,1700,2022-10-14T04:12:03-04:00,159000,2143
163,165,HumanEventsMediaGroup,5:03,131681,16,2022-10-22T13:06:23-04:00,294,303
164,166,HumanEventsMediaGroup,5:13,130366,3,2022-10-22T13:05:47-04:00,294,313
165,167,JULIE GREEN MINISTRIES,39:41,216223,11900,2022-10-24T07:30:00-04:00,143000,2381
166,168,Rekieta Law,6:01:28,256051,11500,2022-10-05T22:36:31-04:00,93400,21688
167,169,HumanEventsMediaGroup,2:16,130326,2,2022-10-22T13:07:07-04:00,294,136
168,170,HumanEventsMediaGroup,2:10,131615,11,2022-10-22T13:16:15-04:00,294,130
169,171,HumanEventsMediaGroup,2:29,131004,4,2022-10-22T13:13:24-04:00,294,149
170,172,The Charlie Ward Show,2:04:38,195907,2290,2022-10-12T16:45:16-04:00,159000,7478
171,173,HumanEventsMediaGroup,1:09,130098,4,2022-10-22T13:10:33-04:00,294,69
172,174,JULIE GREEN MINISTRIES,32:48,199496,11300,2022-10-10T06:56:40-04:00,143000,1968
173,175,JULIE GREEN MINISTRIES,37:29,200684,11400,2022-10-13T07:30:00-04:00,143000,2249
174,176,The Dan Bongino Show,57:05,208917,13300,2022-10-13T09:51:17-04:00,2470000,3425
175,177,JULIE GREEN MINISTRIES,35:30,201036,10900,2022-10-26T07:21:51-04:00,143000,2130
176,178,And We Know,1:00:05,203925,13400,2022-10-26T13:07:28-04:00,348000,3605
177,179,The JD Rucker Show,1:22:53,180424,115,2022-10-20T08:23:19-04:00,31900,4973
178,180,JULIE GREEN MINISTRIES,35:26,197035,11400,2022-10-17T07:30:00-04:00,143000,2126
179,181,Vaccine Safety Research Foundation,3:27,154333,950,2022-10-05T21:50:56-04:00,9650,207
180,182,RealAmericasVoice,0:09,253550,34,2022-10-18T08:46:31-04:00,55600,9
181,183,JULIE GREEN MINISTRIES,40:48,199398,11500,2022-10-27T07:09:55-04:00,143000,2448
182,184,JULIE GREEN MINISTRIES,38:39,194349,11200,2022-10-18T07:30:00-04:00,143000,2319
183,185,The Joe Rogan Experience Podcast,15:01,131333,46,2022-10-19T23:48:37-04:00,16000,901
184,186,Explain America,4:46,125306,220,2022-10-29T19:54:00-04:00,3070,286
185,187,Rebel News,1:11,152968,1250,2022-10-22T18:16:44-04:00,273000,71
186,188,Russell Brand,1:16:45,169053,5510,2022-10-12T10:13:29-04:00,767000,4605
187,189,JULIE GREEN MINISTRIES,39:46,192258,11000,2022-10-20T07:30:00-04:00,143000,2386
188,190,TheSaltyCracker,2:41:26,202109,8180,2022-10-28T19:27:01-04:00,228000,9686
189,191,JULIE GREEN MINISTRIES,35:44,190433,10800,2022-10-05T07:30:00-04:00,143000,2144
190,192,Elijah Streams,1:31:56,230888,4210,2022-10-28T09:43:07-04:00,121000,5516
191,193,TheSaltyCracker,2:33:29,209417,8530,2022-10-23T19:25:57-04:00,228000,9209
192,194,RedpillUSAPatriots,2:01,230928,200,2022-10-11T09:06:03-04:00,87900,121
193,195,And We Know,55:41,189726,10900,2022-10-04T12:36:43-04:00,348000,3341
194,196,The Charlie Ward Show,59:52,159749,1290,2022-10-06T13:22:52-04:00,159000,3592
195,197,Ron DeSantis,44:35,230213,573,2022-10-08T10:50:59-04:00,276000,2675
196,198,Bannons War Room,12:43,196860,617,2022-10-12T22:09:38-04:00,810000,763
197,199,Stew Peters Network,1:55,148161,824,2022-10-06T19:00:00-04:00,440000,115
198,200,Russell Brand,1:05:21,163781,5880,2022-10-28T10:21:20-04:00,767000,3921
199,201,JULIE GREEN MINISTRIES,37:01,178924,9630,2022-10-04T07:30:00-04:00,143000,2221
200,202,BonginoReport,1:05,119056,2180,2022-10-10T21:25:10-04:00,490000,65
201,203,The Post Millennial Clips,2:34,180319,133,2022-10-22T21:36:33-04:00,78900,154
202,204,Russell Brand,1:17:47,163949,7080,2022-10-13T10:35:42-04:00,767000,4667
203,205,Red Voice Media,9:46,424989,239,2022-10-29T18:42:26-04:00,39700,586
204,206,Chief Nerd,1:27,135117,98,2022-10-19T16:02:14-04:00,20300,87
205,207,James Red Pills America,1:08:53,144197,91,2022-10-06T17:32:01-04:00,2370,4133
206,208,And We Know,57:12,178103,10900,2022-10-25T13:05:44-04:00,348000,3432
207,209,KariLake,11:49,118650,974,2022-10-16T13:21:02-04:00,33500,709
208,210,The Post Millennial,1:29:54,121828,6,2022-10-28T17:35:43-04:00,23500,5394
209,211,Steven Crowder,1:26:15,235425,13000,2022-10-17T09:43:11-04:00,957000,5175
210,212,And We Know,57:01,168575,10400,2022-10-12T13:20:31-04:00,348000,3421
211,213,The Gateway Pundit,11:00,129458,901,2022-10-28T23:18:33-04:00,156000,660
212,214,JULIE GREEN MINISTRIES,33:59,166957,9160,2022-10-06T07:30:00-04:00,143000,2039
213,215,JULIE GREEN MINISTRIES,34:33,164538,10000,2022-10-25T09:29:50-04:00,143000,2073
214,216,Elijah Streams,1:37:29,195313,4070,2022-10-03T08:46:48-04:00,121000,5849
215,217,The Charlie Ward Show,7:44,142490,1700,2022-10-24T18:42:43-04:00,159000,464
216,218,TheSaltyCracker,2:28:01,179045,8620,2022-10-16T19:30:35-04:00,228000,8881
217,219,JULIE GREEN MINISTRIES,34:25,174840,10500,2022-10-31T07:30:00-04:00,143000,2065
218,220,Chrissie Mayr,14:23:38,168001,1790,2022-10-27T17:06:53-04:00,2390,51818
219,221,Asher Press,1:54,212467,101,2022-10-18T15:42:00-04:00,64,114
220,222,And We Know,58:37,165080,10300,2022-10-27T16:02:44-04:00,348000,3517
221,223,The Gateway Pundit,3:05,112116,501,2022-10-21T20:07:01-04:00,156000,185
222,224,RealAmericasVoice,0:50,205402,57,2022-10-16T09:15:14-04:00,55600,50
223,225,TateSpeech,1:22:22,186181,11400,2022-10-18T05:13:40-04:00,773000,4942
224,226,The Post Millennial Clips,0:09,111093,105,2022-10-26T14:56:18-04:00,78900,9
225,227,JULIE GREEN MINISTRIES,1:01:22,163384,5840,2022-10-17T16:43:50-04:00,143000,3682
226,228,X22 Report,17:37,138585,6790,2022-10-21T18:20:41-04:00,614000,1057
227,229,Russell Brand,14:06,133608,7980,2022-10-13T14:00:00-04:00,767000,846
228,230,Elijah Streams,1:16:01,189559,4130,2022-10-11T07:47:56-04:00,121000,4561
229,231,Damon Imani,0:18,113414,436,2022-10-28T18:41:46-04:00,2560,18
230,232,Elijah Streams,1:09:55,178243,4200,2022-10-18T07:34:25-04:00,121000,4195
231,233,Resist the Mainstream,0:17,105314,44,2022-10-26T15:21:24-04:00,36200,17
232,234,TheSaltyCracker,2:36:03,182209,7700,2022-10-07T19:32:36-04:00,228000,9363
233,235,ChristianPatriotNews,32:17,125617,1820,2022-10-03T09:26:50-04:00,89400,1937
234,236,Elijah Streams,1:42:10,187304,3830,2022-10-10T09:50:55-04:00,121000,6130
235,237,Rekieta Law,5:02:02,256009,8990,2022-10-22T22:34:45-04:00,93400,18122
236,238,JULIE GREEN MINISTRIES,34:55,155231,5290,2022-10-06T14:42:37-04:00,143000,2095
237,239,Elijah Streams,1:34:50,197019,4120,2022-10-24T09:44:46-04:00,121000,5690
238,240,The Rubin Report,8:19,210471,820,2022-10-14T13:15:00-04:00,318000,499
239,241,JULIE GREEN MINISTRIES,35:22,152732,9170,2022-10-12T06:35:43-04:00,143000,2122
240,242,The Charlie Ward Show,46:43,135847,1100,2022-10-07T02:24:11-04:00,159000,2803
241,243,BonginoReport,1:22,103517,940,2022-10-06T18:49:41-04:00,490000,82
242,244,Rekieta Law,3:37:38,172555,5960,2022-10-26T22:05:34-04:00,93400,13058
243,245,The Gateway Pundit,1:18,110717,716,2022-10-11T11:59:58-04:00,156000,78
244,246,Ron DeSantis,22:13,196614,569,2022-10-19T07:45:45-04:00,276000,1333
245,247,And We Know,55:23,154841,11000,2022-10-28T13:50:40-04:00,348000,3323
246,248,X22 Report,41:18,133953,5350,2022-10-15T09:05:33-04:00,614000,2478
247,249,Elijah Streams,1:39:40,187579,4070,2022-10-17T08:45:37-04:00,121000,5980
248,250,RedpillUSAPatriots,0:10,206857,161,2022-10-05T23:10:36-04:00,87900,10
249,251,Steven Crowder,1:03:49,178589,9110,2022-10-06T09:48:40-04:00,957000,3829
250,252,TateSpeech,9:38,141087,11500,2022-10-27T07:02:11-04:00,773000,578
251,253,TheSaltyCracker,2:33:20,178420,7250,2022-10-05T19:35:14-04:00,228000,9200
252,254,mariazeee,20:24,123148,547,2022-10-25T07:43:15-04:00,37600,1224
253,255,TateSpeech,1:11,115669,10300,2022-10-04T14:00:00-04:00,773000,71
254,256,USA Patriots News,0:55,141850,37,2022-10-08T21:05:00-04:00,1210,55
255,257,The Post Millennial Clips,9:42,175538,138,2022-10-12T16:08:47-04:00,78900,582
256,258,The Post Millennial Clips,3:24,100274,93,2022-10-18T09:31:45-04:00,78900,204
257,259,Rekieta Law,7:09:21,253143,12000,2022-10-25T15:00:41-04:00,93400,25761
258,260,The Gateway Pundit,6:04,102865,906,2022-10-03T21:04:09-04:00,156000,364
259,261,The Charlie Ward Show,1:07,122014,274,2022-10-05T14:04:59-04:00,159000,67
260,262,The Dive With Jackson Hinkle,1:30:01,119759,1260,2022-10-25T21:08:56-04:00,68500,5401
261,263,Steven Crowder,1:08:30,193611,9460,2022-10-26T08:35:09-04:00,957000,4110
262,264,BonginoReport,0:09,98922,832,2022-10-26T15:37:33-04:00,490000,9
263,265,The Post Millennial Clips,1:53,130296,278,2022-10-30T19:47:28-04:00,78900,113
264,266,ChristianPatriotNews,43:25,115693,1590,2022-10-17T10:09:50-04:00,89400,2605
265,267,Just The News,0:24,101436,158,2022-10-22T11:10:45-04:00,443000,24
266,268,The Charlie Ward Show,51:55,121780,475,2022-10-03T15:08:48-04:00,159000,3115
267,269,The JD Rucker Show,56:47,139942,43,2022-10-06T15:49:49-04:00,31900,3407
268,270,Steven Crowder,1:12:48,194351,10000,2022-10-04T09:49:55-04:00,957000,4368
269,271,TheSaltyCracker,2:21:19,166880,7840,2022-10-12T19:34:42-04:00,228000,8479
270,272,Russell Brand,1:13:20,128545,4770,2022-10-21T11:05:59-04:00,767000,4400
271,273,Awaken With JP,1:06,106144,4600,2022-10-20T11:50:31-04:00,417000,66
272,274,The Post Millennial Clips,2:27,198616,168,2022-10-10T21:58:19-04:00,78900,147
273,275,TheSaltyCracker,2:19:44,153263,7650,2022-10-19T19:31:46-04:00,228000,8384
274,276,CannCon Overflow,1:42,92022,269,2022-10-27T16:04:33-04:00,15600,102
275,277,X22 Report,17:22,120484,6820,2022-10-30T16:49:25-04:00,614000,1042
276,278,BonginoReport,0:38,92737,1380,2022-10-10T17:21:05-04:00,490000,38
277,279,Greg Hunter's USAWatchdog.com,46:20,106856,813,2022-10-08T20:43:00-04:00,49900,2780
278,280,Steven Crowder,1:10:34,197640,9910,2022-10-24T08:43:07-04:00,957000,4234
279,281,X22 Report,23:16,137047,5840,2022-10-12T18:35:36-04:00,614000,1396
280,282,The Charlie Ward Show,49:47,116185,256,2022-10-08T02:30:58-04:00,159000,2987
281,283,TateSpeech,14:14,139284,11200,2022-10-16T15:00:00-04:00,773000,854
282,284,The Tulsi Gabbard Show,1:18,125164,6090,2022-10-11T07:53:17-04:00,346000,78
283,285,Nesara Gesara,1:05:06,118662,145,2022-10-04T16:15:00-04:00,27200,3906
284,286,Russell Brand,1:16:56,127275,7370,2022-10-14T10:47:30-04:00,767000,4616
285,287,FOX mulder NEWS,39:53,243515,817,2022-10-10T21:28:57-04:00,36600,2393
286,288,Steven Crowder,1:05:07,175074,10800,2022-10-20T08:29:03-04:00,957000,3907
287,289,BonginoReport,0:17,90925,1410,2022-10-24T20:47:33-04:00,490000,17
288,290,Steven Crowder,1:06:55,177129,10400,2022-10-19T08:27:08-04:00,957000,4015
289,291,Steven Crowder,1:15:00,179624,9650,2022-10-05T08:54:59-04:00,957000,4500
290,292,The Charlie Ward Show,1:03,110186,357,2022-10-10T13:20:33-04:00,159000,63
291,293,Rekieta Law,2:48:48,151578,6860,2022-10-27T22:34:38-04:00,93400,10128
292,294,BonginoReport,1:34,88751,1190,2022-10-03T13:58:39-04:00,490000,94
293,295,Steven Crowder,58:07,177445,10300,2022-10-18T08:51:29-04:00,957000,3487
294,296,Greg Hunter's USAWatchdog.com,1:01:29,116677,1150,2022-10-25T23:06:49-04:00,49900,3689
295,297,sonsoflibertyradiolive,1:00:14,251025,66,2022-10-28T05:48:28-04:00,12800,3614
296,298,X22 Report,22:19,113545,6400,2022-10-16T19:05:57-04:00,614000,1339
297,299,Steven Crowder,1:13:04,188088,9250,2022-10-03T09:54:18-04:00,957000,4384
298,300,The Charlie Ward Show,1:57,108109,213,2022-10-05T14:01:31-04:00,159000,117
299,301,BonginoReport,2:06,115475,1570,2022-10-02T20:19:32-04:00,490000,126
300,302,ChristianPatriotNews,32:55,106703,1900,2022-10-19T10:05:31-04:00,89400,1975
301,303,X22 Report,17:41,110846,5940,2022-10-25T19:52:45-04:00,614000,1061
302,304,Steven Crowder,59:42,155615,9240,2022-10-11T08:45:34-04:00,957000,3582
303,305,TheSaltyCracker,2:37:45,153480,7630,2022-10-21T19:27:49-04:00,228000,9465
304,306,Badlands Media,1:30:36,117982,2980,2022-10-11T18:07:37-04:00,22100,5436
305,307,The Gateway Pundit,1:20,87266,768,2022-10-12T10:51:35-04:00,156000,80
306,308,Dumpen,4:38,95586,7,2022-10-04T01:42:59-04:00,73,278
307,309,stkirsch,11:16,99075,1280,2022-10-16T17:03:43-04:00,22600,676
308,310,The Charlie Ward Show,38:28,105777,267,2022-10-06T08:17:36-04:00,159000,2308
309,311,BonginoReport,0:16,86331,615,2022-10-05T16:25:55-04:00,490000,16
310,312,TheSaltyCracker,2:29:46,145451,7280,2022-10-26T19:29:48-04:00,228000,8986
311,313,The Charlie Ward Show,1:27:44,104924,216,2022-10-08T16:36:33-04:00,159000,5264
312,314,The Charlie Ward Show,57:32,107016,367,2022-10-11T16:23:40-04:00,159000,3452
313,315,KariLake,15:29,145813,624,2022-10-20T22:37:15-04:00,33500,929
314,316,roguereview,3:33,170158,14,2022-10-19T09:29:25-04:00,24,213
315,317,The Gateway Pundit,1:54,88047,1280,2022-10-22T08:38:19-04:00,156000,114
316,318,KariLake,28:08,86850,741,2022-10-12T16:58:37-04:00,33500,1688
317,319,X22 Report,25:31,106072,5780,2022-10-13T19:49:49-04:00,614000,1531
318,320,Benny Johnson,28:15,96004,1830,2022-10-31T17:17:24-04:00,193000,1695
319,321,BonginoReport,8:38,85649,1360,2022-10-16T10:12:23-04:00,490000,518
320,322,The Charlie Ward Show,40:00,101578,263,2022-10-13T15:17:40-04:00,159000,2400
321,323,lcjohnson,0:44,86004,8,2022-10-11T20:26:47-04:00,169,44
322,324,The Daily Caller,0:57,162527,50,2022-10-27T17:28:46-04:00,278000,57
323,325,The Charlie Ward Show,18:30,102117,227,2022-10-12T01:56:20-04:00,159000,1110
324,326,Medical Medium Healing Stories,5:07,108631,8,2022-10-16T18:41:03-04:00,87,307
325,327,Medical Medium Healing Stories,3:00,108590,8,2022-10-16T18:09:57-04:00,87,180
326,328,Medical Medium Healing Stories,1:01,108709,9,2022-10-16T18:04:28-04:00,87,61
327,329,Rekieta Law,10:29:22,226597,10100,2022-10-07T04:37:44-04:00,93400,37762
328,330,Steven Crowder,1:02:30,154334,8550,2022-10-12T08:44:48-04:00,957000,3750
329,331,X22 Report,16:51,103546,5690,2022-10-28T19:08:35-04:00,614000,1011
330,332,Elijah Streams,1:41:37,156004,3340,2022-10-31T10:06:51-04:00,121000,6097
331,333,The Dive With Jackson Hinkle,1:29:15,105148,1430,2022-10-29T18:55:06-04:00,68500,5355
332,334,Rekieta Law,3:30:42,130099,5500,2022-10-31T22:21:13-04:00,93400,12642
333,335,X22 Report,16:18,96164,5370,2022-10-24T19:19:03-04:00,614000,978
334,336,TateSpeech,3:34,105129,10100,2022-10-14T14:00:00-04:00,773000,214
335,337,The Wayne Dupree Podcast,6:20,154019,45,2022-10-21T07:24:39-04:00,209000,380
336,338,The Charlie Ward Show,23:46,99862,172,2022-10-11T17:18:34-04:00,159000,1426
337,339,Russell Brand,1:08:07,115022,6420,2022-10-07T11:57:37-04:00,767000,4087
338,340,Greg Hunter's USAWatchdog.com,54:51,100684,1100,2022-10-22T10:51:30-04:00,49900,3291
339,341,Stew Peters Network,1:02:15,115940,2290,2022-10-28T17:43:01-04:00,440000,3735
340,342,X22 Report,17:49,99126,5830,2022-10-17T19:11:23-04:00,614000,1069
341,343,The Gateway Pundit,6:35,79205,518,2022-10-06T22:12:05-04:00,156000,395
342,344,BonginoReport,0:24,79365,670,2022-10-28T16:19:56-04:00,490000,24
343,345,Elijah Streams,1:35:15,135500,2710,2022-10-26T09:26:26-04:00,121000,5715
344,346,The People's Voice,9:06,116223,185,2022-10-22T14:42:06-04:00,672,546
345,347,vivafrei,2:09:01,124536,5530,2022-10-16T10:29:05-04:00,286000,7741
346,348,Rekieta Law,4:14:52,161898,8220,2022-10-07T22:47:49-04:00,93400,15292
347,349,Elijah Streams,1:26:18,131173,3050,2022-10-25T08:45:54-04:00,121000,5178
348,350,Phil Godlewski 2.0,4:52,99745,4540,2022-10-30T10:31:29-04:00,148000,292
349,351,X22 Report,20:33,95188,5670,2022-10-27T19:21:02-04:00,614000,1233
350,352,The Gateway Pundit,5:03,85295,558,2022-10-08T23:01:06-04:00,156000,303
351,353,The Gateway Pundit,1:18,83963,196,2022-11-01T10:39:24-04:00,156000,78
352,354,RepMattGaetz,6:52,154437,831,2022-10-18T22:03:17-04:00,239000,412
353,355,Emerald Robinson,10:42,82976,142,2022-10-14T13:12:52-04:00,3080,642
354,356,RedpillUSAPatriots,2:05,156657,49,2022-10-12T08:59:59-04:00,87900,125
355,357,The Charlie Kirk Show,0:30,77736,356,2022-10-23T18:19:01-04:00,1040000,30
356,358,X22 Report,19:25,97476,5630,2022-10-26T19:42:24-04:00,614000,1165
357,359,Steven Crowder,1:10:43,150679,7190,2022-10-10T09:01:26-04:00,957000,4243
358,360,Rekieta Law,6:21:15,217357,10500,2022-10-12T21:16:43-04:00,93400,22875
359,361,The Gateway Pundit,5:00,79230,724,2022-10-06T14:15:18-04:00,156000,300
360,362,RedpillUSAPatriots,1:53,157146,53,2022-10-22T09:43:25-04:00,87900,113
361,363,The Gateway Pundit,0:26,78171,538,2022-10-23T18:54:16-04:00,156000,26
362,364,Russell Brand,1:01:12,110125,5610,2022-10-04T09:24:39-04:00,767000,3672
363,365,Mr Producer Media,0:23,159545,8,2022-10-26T11:43:10-04:00,36600,23
364,367,Russell Brand,1:04:23,106622,3590,2022-10-31T12:34:50-04:00,767000,3863
365,368,Elijah Streams,1:31:53,125270,2460,2022-10-13T08:54:10-04:00,121000,5513
366,369,Rekieta Law,10:26:26,296073,11600,2022-10-21T09:26:54-04:00,93400,37586
367,370,BonginoReport,0:23,76753,499,2022-10-27T16:42:22-04:00,490000,23
368,371,RealDirty,7:44,154714,53,2022-10-23T11:35:06-04:00,3280,464
369,372,tateconfidential,15:33,122220,5950,2022-10-22T15:00:00-04:00,105000,933
370,373,Kristina Karamo for Secretary of State,2:19,77032,50,2022-10-24T07:30:03-04:00,990,139
371,374,The People's Voice,12:35,134678,83,2022-10-29T17:32:08-04:00,672,755
372,375,TheSaltyCracker,2:30:52,142952,6820,2022-10-09T19:33:29-04:00,228000,9052
373,376,The Dan Bongino Show,52:29,129258,8020,2022-11-01T10:29:21-04:00,2470000,3149
374,377,The Post Millennial,1:32:50,75375,18,2022-10-14T17:32:09-04:00,23500,5570
375,378,Explain America,4:14,73917,71,2022-10-30T21:06:08-04:00,3070,254
376,379,Russell Brand,1:16:02,104752,5470,2022-10-05T10:15:26-04:00,767000,4562
377,380,sonsoflibertyradiolive,1:16:53,234998,38,2022-10-10T07:21:43-04:00,12800,4613
378,381,TateSpeech,2:42:28,137031,9240,2022-10-24T13:13:41-04:00,773000,9748
379,382,Emerald Robinson,8:11,80322,29,2022-10-21T15:49:22-04:00,3080,491
380,383,Sean Hannity,3:40,79562,935,2022-10-12T09:17:38-04:00,1270000,220
381,384,Bannons War Room,6:33,139540,576,2022-10-13T11:17:08-04:00,810000,393
382,385,nonvaxer420,3:42,288353,225,2022-10-10T14:17:14-04:00,32700,222
383,386,The JD Rucker Show,56:24,89754,863,2022-10-29T18:22:27-04:00,31900,3384
384,387,Stew Peters Network,21:44,100218,1200,2022-10-12T19:00:00-04:00,440000,1304
385,388,The Gateway Pundit,4:49,82797,617,2022-10-11T20:58:44-04:00,156000,289
386,389,vivafrei,2:23:29,122948,5240,2022-10-09T09:51:47-04:00,286000,8609
387,390,The Post Millennial Clips,1:20,76257,132,2022-10-06T17:10:28-04:00,78900,80
388,391,Elijah Streams,1:25:53,121568,2780,2022-10-04T10:03:37-04:00,121000,5153
389,392,rawvideonews,0:20,75656,54,2022-10-16T15:14:14-04:00,57,20
390,393,RAIRFoundationUSA,5:03,79097,56,2022-10-12T19:24:11-04:00,7750,303
391,394,JULIE GREEN MINISTRIES,30:23,104068,7750,2022-11-01T07:30:00-04:00,143000,1823
392,395,X22 Report,31:55,95250,3340,2022-10-31T11:48:49-04:00,614000,1915
393,396,makeleio,1:13,89218,2,2022-10-13T18:04:39-04:00,1800,73
394,397,BonginoReport,0:22,68945,427,2022-10-26T11:37:50-04:00,490000,22
395,398,Elijah Streams,47:08,111151,2730,2022-10-27T10:27:23-04:00,121000,2828
396,399,BrianKilmeade,0:55,71262,77,2022-10-14T09:59:25-04:00,231,55
397,400,Rekieta Law,3:57:08,143895,8940,2022-10-14T22:25:19-04:00,93400,14228
398,401,Right Side Broadcasting Network,5:31,140825,556,2022-10-22T17:21:15-04:00,382000,331
399,402,rawvideonews,1:19,76080,13,2022-10-03T14:33:21-04:00,57,79
400,403,BonginoReport,1:46,70079,2029,2022-10-17T09:52:47-04:00,490000,106
401,404,JULIE GREEN MINISTRIES,3:40,91915,5410,2022-10-04T07:31:54-04:00,143000,220
402,405,Russell Brand,1:21:19,100607,5920,2022-10-06T10:23:05-04:00,767000,4879
403,406,The Dive With Jackson Hinkle,1:30:21,93430,1120,2022-10-26T20:38:45-04:00,68500,5421
404,407,TheSaltyCracker,2:54:01,110620,6090,2022-10-14T19:35:15-04:00,228000,10441
405,408,ChristianPatriotNews,37:55,84753,1780,2022-10-25T08:33:28-04:00,89400,2275
406,409,Elijah Streams,1:24:29,114992,2510,2022-10-19T09:15:05-04:00,121000,5069
407,410,The Daily Caller,16:09,171572,450,2022-10-27T20:51:10-04:00,278000,969
408,411,Steven Crowder,1:13:15,140482,8420,2022-10-25T08:37:05-04:00,957000,4395
409,412,BonginoReport,1:18,71714,1200,2022-10-11T07:25:48-04:00,490000,78
410,413,BonginoReport,1:34,68549,1020,2022-10-17T10:02:10-04:00,490000,94
411,414,We The People NEWS,1:00:15,105083,3550,2022-10-07T22:15:00-04:00,168000,3615
412,415,BonginoReport,1:28,66759,1350,2022-10-03T15:08:44-04:00,490000,88
413,416,Russell Brand,7:20,91067,8750,2022-10-15T10:00:00-04:00,767000,440
414,417,BonginoReport,1:41,68227,1470,2022-10-13T14:26:06-04:00,490000,101
415,418,Nick Moseder,25:30,84653,5120,2022-10-14T13:19:16-04:00,22000,1530
416,419,The Post Millennial Clips,0:29,68746,88,2022-10-21T16:03:27-04:00,78900,29
417,420,The Gateway Pundit,8:51,72331,1070,2022-10-27T21:59:44-04:00,156000,531
418,421,Russell Brand,1:21:34,98315,4220,2022-10-17T11:25:36-04:00,767000,4894
419,422,apsemedia,2:57,67461,63,2022-10-30T22:43:18-04:00,63,177
420,423,KYLENBECKER,0:57,77087,11,2022-10-18T11:16:31-04:00,3070,57
421,424,Grant Stinchfield,44:52,73366,1230,2022-10-10T05:00:00-04:00,8660,2692
422,425,X22 Report,17:07,80042,6230,2022-10-23T19:13:34-04:00,614000,1027
423,426,Laura-Lynn Tyler Thompson,1:34:29,82850,317,2022-10-05T16:39:48-04:00,22700,5669
424,427,BonginoReport,0:42,66613,1690,2022-10-24T21:05:55-04:00,490000,42
425,428,vivafrei,2:06:04,102221,4990,2022-10-23T10:54:05-04:00,286000,7564
426,429,Elijah Streams,1:27:39,108194,2220,2022-10-12T08:54:16-04:00,121000,5259
427,430,Messiah of Israel Ministries,20:02,108247,26,2022-10-04T00:53:54-04:00,1180,1202
428,431,Messiah of Israel Ministries,7:54,108444,16,2022-10-03T23:19:21-04:00,1180,474
429,432,ewdolan,4:23,66590,16,2022-10-10T14:47:59-04:00,15,263
430,433,The Gateway Pundit,0:40,67094,374,2022-10-25T20:31:24-04:00,156000,40
431,434,sonsoflibertyradiolive,58:35,149598,37,2022-10-31T14:28:56-04:00,12800,3515
432,435,TateSpeech,2:20,76402,6740,2022-10-06T03:53:35-04:00,773000,140
433,436,The Gateway Pundit,2:03,67881,452,2022-10-14T14:00:20-04:00,156000,123
434,437,sonsoflibertyradiolive,58:41,156630,45,2022-10-25T12:35:06-04:00,12800,3521
435,438,tateconfidential,17:00,108566,4980,2022-10-17T14:00:00-04:00,105000,1020
436,439,The Dan Bongino Show,1:02:00,87966,5120,2022-10-30T09:30:00-04:00,2470000,3720
437,440,The Tulsi Gabbard Show,1:07:45,108705,2760,2022-10-18T06:00:00-04:00,346000,4065
438,441,X22 Report,17:48,75623,5060,2022-10-20T19:19:38-04:00,614000,1068
439,442,Gene Decode,34:42,77120,150,2022-10-16T11:00:00-04:00,22200,2082
440,443,Opinion Free Market,1:56:06,113446,7800,2022-10-16T18:23:36-04:00,29500,6966
441,444,Jean-Claude@BeyondMystic,1:00:38,100704,4470,2022-10-12T19:28:50-04:00,25000,3638
442,445,Russell Brand,1:15:41,92888,4740,2022-10-03T10:33:36-04:00,767000,4541
443,446,KariLake,1:20:44,66538,481,2022-10-05T20:36:38-04:00,33500,4844
444,447,Awaken With JP,7:23,77363,6570,2022-10-15T11:00:00-04:00,417000,443
445,448,Phil Godlewski 2.0,17:21,79282,3240,2022-10-19T15:37:09-04:00,148000,1041
446,449,tateconfidential,16:54,106778,4820,2022-10-10T15:00:00-04:00,105000,1014
447,450,troutcloud,0:40,79216,517,2022-10-27T11:23:09-04:00,82,40
448,451,sonsoflibertyradiolive,1:22:23,138532,117,2022-10-04T05:55:05-04:00,12800,4943
449,452,Ninoscorner,40:55,89982,2260,2022-10-24T19:10:25-04:00,38100,2455
450,453,THE PATRIOT PARTY NEWS,44:54,89401,545,2022-10-26T12:56:24-04:00,43100,2694
451,454,BonginoReport,6:09,66954,858,2022-10-23T10:36:46-04:00,490000,369
452,455,mrgirl,3:11:21,82781,218,2022-10-28T17:27:16-04:00,1080,11481
453,456,NineForNews,1:30,65928,3,2022-10-04T04:44:26-04:00,117,90
454,457,BonginoReport,0:16,64146,668,2022-10-28T16:22:12-04:00,490000,16
455,458,X22 Report,19:41,78576,4820,2022-10-31T19:20:11-04:00,614000,1181
456,459,sonsoflibertyradiolive,2:04:38,175836,54,2022-10-29T07:50:52-04:00,12800,7478
457,460,Elijah Streams,1:21:13,98444,2180,2022-10-05T09:50:22-04:00,121000,4873
458,461,MICHAELJACO,1:14:19,76283,78,2022-10-16T14:06:25-04:00,491,4459
459,462,Rekieta Law,8:39:21,181404,9100,2022-10-11T09:32:14-04:00,93400,31161
460,463,Stew Peters Network,1:09:51,88290,1250,2022-10-26T17:23:00-04:00,440000,4191
461,464,FalconsCAFE,7:20,68255,183,2022-10-21T08:03:55-04:00,3060,440
462,465,Awaken With JP,8:46,72808,5500,2022-10-08T11:00:00-04:00,417000,526
463,466,The Post Millennial Clips,1:05,118477,79,2022-10-10T20:26:47-04:00,78900,65
464,467,Elijah Streams,1:24:07,96579,2430,2022-10-14T08:55:52-04:00,121000,5047
465,468,BonginoReport,0:33,59132,844,2022-10-31T17:39:46-04:00,490000,33
466,469,Bannons War Room,10:14,65336,863,2022-10-10T11:35:08-04:00,810000,614
467,470,The Right View with Lara Trump,19:37,75781,3520,2022-10-06T20:00:00-04:00,209000,1177
468,471,Kristina Karamo for Secretary of State,3:45,61668,102,2022-10-16T19:00:00-04:00,990,225
469,472,We The People NEWS,1:10:15,87209,3310,2022-10-06T20:11:00-04:00,168000,4215
470,473,Rekieta Law,3:09:03,128913,9670,2022-10-13T22:29:32-04:00,93400,11343
471,474,sonsoflibertyradiolive,58:57,134584,27,2022-10-05T14:38:20-04:00,12800,3537
472,475,The Gateway Pundit,10:01,59247,172,2022-10-31T10:59:39-04:00,156000,601
473,476,The Post Millennial Clips,11:31,62215,223,2022-10-16T10:15:13-04:00,78900,691
474,477,Situation Update,2:08:40,75799,338,2022-10-08T17:00:00-04:00,82700,7720
475,478,sonsoflibertyradiolive,1:21:08,186137,56,2022-10-08T07:49:10-04:00,12800,4868
476,479,Rekieta Law,10:20:57,191771,8600,2022-10-19T09:26:23-04:00,93400,37257
477,480,BonginoReport,1:05,59028,399,2022-10-11T15:22:13-04:00,490000,65
478,481,Stew Peters Network,54:38,72691,890,2022-10-03T17:17:45-04:00,440000,3278
479,482,X22 Report,14:29,69619,4590,2022-10-19T19:45:11-04:00,614000,869
480,483,Messiah of Israel Ministries,2:46,122783,12,2022-10-09T12:02:32-04:00,1180,166
481,484,Bannons War Room,9:01,57475,554,2022-10-15T11:00:08-04:00,810000,541
482,485,Rebel News,3:14,67290,603,2022-10-16T12:31:59-04:00,273000,194
483,486,X22 Report,31:00,73286,3560,2022-10-20T10:10:33-04:00,614000,1860
484,487,The Post Millennial Clips,1:47,63185,122,2022-10-14T18:35:10-04:00,78900,107
485,488,The Blessed2Teach Show!,2:35:51,81808,776,2022-10-24T17:19:02-04:00,29200,9351
486,489,sonsoflibertyradiolive,58:41,139255,47,2022-10-14T14:50:39-04:00,12800,3521
487,490,Russell Brand,1:15:17,81897,4130,2022-10-10T10:32:18-04:00,767000,4517
488,491,The Daily Caller,3:52,103544,125,2022-10-18T15:17:58-04:00,278000,232
489,492,sonsoflibertyradiolive,58:35,136302,44,2022-10-04T14:37:57-04:00,12800,3515
490,493,X22 Report,23:57,72922,2500,2022-10-28T07:34:55-04:00,614000,1437
491,494,The Post Millennial Clips,3:34,61143,82,2022-10-19T09:56:42-04:00,78900,214
492,495,The Gateway Pundit,3:46,61242,787,2022-10-23T09:54:07-04:00,156000,226
493,496,Elijah Streams,1:09:43,91830,2200,2022-10-20T11:37:34-04:00,121000,4183
494,497,Messiah of Israel Ministries,10:36,137579,13,2022-10-11T12:46:46-04:00,1180,636
495,498,X22 Report,18:16,66523,4690,2022-10-18T19:22:48-04:00,614000,1096
496,499,We The People NEWS,1:10:54,79087,2930,2022-10-05T20:05:00-04:00,168000,4254
497,500,Elijah Streams,50:23,86939,1720,2022-10-05T10:00:02-04:00,121000,3023
498,501,Rekieta Law,2:35:45,95455,6090,2022-10-31T13:11:16-04:00,93400,9345
499,502,Russell Brand,58:54,79408,5630,2022-10-11T10:11:46-04:00,767000,3534
500,503,The Post Millennial Clips,1:24,111247,206,2022-10-23T15:43:47-04:00,78900,84
501,504,Rekieta Law,4:14:44,114510,8160,2022-10-06T22:00:56-04:00,93400,15284
502,505,100PercentFedUp,1:33,61443,83,2022-10-05T09:26:40-04:00,1190,93
503,506,The Gateway Pundit,51:59,61077,249,2022-10-04T08:00:00-04:00,156000,3119
504,507,RealRogerStone,0:26,56928,36,2022-10-10T20:08:12-04:00,1620,26
505,508,WeLoveTrump...by NOAH,1:13:54,73221,404,2022-10-06T22:27:47-04:00,29500,4434
506,509,sonsoflibertyradiolive,58:22,132213,37,2022-10-07T13:59:10-04:00,12800,3502
507,510,Elijah Streams,1:00:57,84525,1980,2022-10-21T09:22:17-04:00,121000,3657
508,511,X22 Report,19:20,65867,4400,2022-10-14T18:43:27-04:00,614000,1160
509,512,sonsoflibertyradiolive,58:32,128077,50,2022-10-20T14:35:16-04:00,12800,3512
510,513,Stew Peters Network,59:47,74074,1360,2022-10-24T18:08:00-04:00,440000,3587
511,514,The Post Millennial,2:14:52,58791,10,2022-10-04T17:40:33-04:00,23500,8092
512,515,BonginoReport,0:06,56333,936,2022-10-13T15:13:55-04:00,490000,6
513,516,Jean-Claude@BeyondMystic,55:22,82490,3920,2022-10-19T17:02:18-04:00,25000,3322
514,517,sonsoflibertyradiolive,1:24:29,147287,42,2022-10-24T21:55:33-04:00,12800,5069
515,518,sonsoflibertyradiolive,57:58,125794,40,2022-10-11T14:21:51-04:00,12800,3478
516,519,Awaken With JP,8:37,66636,4760,2022-10-29T11:00:00-04:00,417000,517
517,520,James Red Pills America,1:38:40,63816,63,2022-10-07T10:59:41-04:00,2370,5920
518,521,The Vigilant Fox,3:58,59292,145,2022-10-27T16:51:26-04:00,26400,238
519,522,The Daily Caller,1:21,56283,80,2022-10-23T12:03:25-04:00,278000,81
520,523,sonsoflibertyradiolive,58:06,122272,39,2022-10-12T14:21:41-04:00,12800,3486
521,524,9MagTV,12:11,58828,4,2022-10-12T02:12:58-04:00,145,731
522,525,makeleio,1:17,57404,7,2022-10-26T18:25:07-04:00,1800,77
523,526,The Charlie Ward Show,42:36,71388,741,2022-10-28T13:49:31-04:00,159000,2556
524,527,Russell Brand,1:06:16,74952,2130,2022-11-01T11:15:17-04:00,767000,3976
525,528,Awaken With JP,2:30,61884,5440,2022-10-13T11:18:16-04:00,417000,150
526,529,The Rubin Report,43:23,64966,1050,2022-10-16T09:45:00-04:00,318000,2603
527,530,ARK Media,0:32,50408,7,2022-10-07T04:17:53-04:00,7780,32
528,531,Rekieta Law,5:45:13,112007,5530,2022-10-28T22:34:00-04:00,93400,20713
529,532,BonginoReport,0:20,53005,843,2022-10-24T13:15:37-04:00,490000,20
530,533,Gene Decode,1:00:35,66920,315,2022-10-15T08:30:00-04:00,22200,3635
531,534,sonsoflibertyradiolive,57:01,127593,39,2022-10-26T14:07:03-04:00,12800,3421
532,535,KYLENBECKER,6:23,61959,56,2022-10-22T14:44:43-04:00,3070,383
533,536,The Post Millennial Clips,1:14,107235,54,2022-10-23T13:23:12-04:00,78900,74
534,537,KariLake,1:09:27,59171,566,2022-10-18T22:11:21-04:00,33500,4167
535,538,The Gateway Pundit,2:31,55662,555,2022-10-14T22:05:19-04:00,156000,151
536,539,Greg Hunter's USAWatchdog.com,41:41,62160,694,2022-10-11T23:05:46-04:00,49900,2501
537,540,lcjohnson,3:46,55556,11,2022-10-22T21:05:11-04:00,169,226
538,541,ARK Media,0:21,49596,6,2022-10-07T04:13:54-04:00,7780,21
539,542,The Post Millennial,2:55:27,54119,10,2022-10-26T17:21:00-04:00,23500,10527
540,543,Dan Bongino Show Clips,10:52,56787,838,2022-10-28T11:54:08-04:00,217000,652
541,544,Awaken With JP,9:17,64342,5800,2022-10-20T19:00:00-04:00,417000,557
542,545,Rekieta Law,5:40:16,77865,3140,2022-10-05T14:07:09-04:00,93400,20416
543,546,Jean-Claude@BeyondMystic,1:01:48,84589,4690,2022-10-04T21:25:17-04:00,25000,3708
544,547,sonsoflibertyradiolive,58:21,132943,23,2022-10-17T14:15:19-04:00,12800,3501
545,548,The Post Millennial Clips,1:55,54333,131,2022-10-21T08:43:15-04:00,78900,115
546,549,RealDirty,2:56,106805,29,2022-10-31T20:42:57-04:00,3280,176
547,550,Russell Brand,1:09:20,76127,3820,2022-10-24T10:43:30-04:00,767000,4160
548,551,sonsoflibertyradiolive,57:20,120008,49,2022-10-18T14:59:14-04:00,12800,3440
549,552,Chief Nerd,3:15,59853,144,2022-10-05T12:52:02-04:00,20300,195
550,553,Rekieta Law,3:17:29,101060,6590,2022-10-11T22:28:23-04:00,93400,11849
551,554,TateSpeech,3:35,62318,5870,2022-10-23T15:00:00-04:00,773000,215
552,555,Russell Brand,1:20:12,77870,3490,2022-10-19T10:31:28-04:00,767000,4812
553,556,sonsoflibertyradiolive,1:05:36,136358,43,2022-10-13T07:06:25-04:00,12800,3936
554,557,The Ron Paul Liberty Report,29:18,75586,901,2022-10-10T11:50:48-04:00,264000,1758
555,558,sonsoflibertyradiolive,1:58:23,116940,85,2022-10-29T14:15:26-04:00,12800,7103
556,559,The Gateway Pundit,5:24,54236,745,2022-10-21T20:36:44-04:00,156000,324
557,560,The Charlie Kirk Show,0:24,50023,204,2022-10-17T14:56:06-04:00,1040000,24
558,561,sonsoflibertyradiolive,58:07,124423,34,2022-10-19T15:59:40-04:00,12800,3487
559,562,TateSpeech,2:16:34,85320,5180,2022-10-30T12:10:42-04:00,773000,8194
560,563,makeleio,1:07,55810,4,2022-10-07T18:22:18-04:00,1800,67
561,564,Health Ranger Report,18:02,59542,872,2022-10-20T11:32:47-04:00,43600,1082
562,565,sonsoflibertyradiolive,57:44,116858,53,2022-10-06T14:26:09-04:00,12800,3464
563,566,Nicholas Veniamin,38:19,66664,2170,2022-10-03T15:09:17-04:00,60800,2299
564,567,sonsoflibertyradiolive,1:19:26,124731,58,2022-10-31T05:47:22-04:00,12800,4766
565,568,The Post Millennial Clips,2:19,51618,107,2022-10-11T17:07:18-04:00,78900,139
566,569,The Gateway Pundit,0:36,52153,974,2022-10-14T23:22:36-04:00,156000,36
567,570,BonginoReport,2:29,53888,1210,2022-10-09T14:25:24-04:00,490000,149
568,571,ThePostMillennial,0:24,104867,40,2022-10-13T21:24:03-04:00,560,24
569,572,Russell Brand,1:07:10,69665,3680,2022-10-18T10:05:53-04:00,767000,4030
570,573,The People's Voice,6:21,60689,129,2022-10-21T18:29:22-04:00,672,381
571,574,Chief Nerd,4:38,53416,115,2022-10-22T09:36:54-04:00,20300,278
572,575,GideonsArmy17,12:33,65212,883,2022-10-21T11:04:00-04:00,2770,753
573,576,sonsoflibertyradiolive,58:17,120823,32,2022-10-13T14:33:49-04:00,12800,3497
574,577,sonsoflibertyradiolive,1:00:01,113795,53,2022-10-06T05:53:11-04:00,12800,3601
575,578,AENews,0:48,72216,2,2022-10-07T13:35:10-04:00,582,48
576,579,Bannons War Room,5:07,48038,498,2022-10-04T12:11:21-04:00,810000,307
577,580,Devin Nunes,1:05:51,65869,2360,2022-10-11T00:24:38-04:00,947000,3951
578,581,The Post Millennial,2:14:54,49753,9,2022-10-07T17:46:24-04:00,23500,8094
579,582,BonginoReport,2:19,68388,1410,2022-10-10T09:57:35-04:00,490000,139
580,583,The Ron Paul Liberty Report,30:15,73025,1230,2022-10-11T11:33:58-04:00,264000,1815
581,584,sonsoflibertyradiolive,1:35:38,124519,61,2022-10-24T05:49:26-04:00,12800,5738
582,585,Sean Hannity,0:46,49332,421,2022-10-20T16:57:11-04:00,1270000,46
583,586,Situation Update,55:27,61107,356,2022-10-26T11:00:00-04:00,82700,3327
584,587,rawvideonews,2:01,50321,34,2022-10-25T13:02:11-04:00,57,121
585,588,The Dan Bongino Show,1:03:26,66819,4270,2022-10-16T09:00:00-04:00,2470000,3806
586,589,L4Atv1,1:04:28,52549,68,2022-10-18T15:31:17-04:00,60,3868
587,590,Emerald Robinson,11:28,51956,444,2022-10-24T12:02:14-04:00,3080,688
588,591,RT,24:50,89265,268,2022-10-12T04:02:23-04:00,70000,1490
589,592,Rekieta Law,5:02:25,119888,7140,2022-10-18T13:32:40-04:00,93400,18145
590,593,BonginoReport,0:13,49052,915,2022-10-20T18:15:44-04:00,490000,13
591,594,Patel Patriot,1:21:57,82110,3870,2022-10-09T18:49:02-04:00,103000,4917
592,595,The Charlie Kirk Show,0:30,46814,244,2022-10-12T18:04:17-04:00,1040000,30
593,596,The Gateway Pundit,7:45,49852,750,2022-10-23T10:51:25-04:00,156000,465
594,597,Vaccine Safety Research Foundation,1:44,54873,383,2022-10-06T15:42:55-04:00,9650,104
595,598,Tucker Carlson Tonight | The Five | Jesse Watters Primetime | Gutfeld | Unfiltered with Dan Bongino,13:33,49646,215,2022-10-20T13:40:00-04:00,20600,813
596,599,Medical Medium,11:11,77873,166,2022-10-04T17:20:14-04:00,54300,671
597,600,HopeGirl Alternative News,1:17:28,67767,62,2022-10-30T07:35:44-04:00,165,4648
598,601,BonginoReport,0:23,46797,407,2022-10-17T14:41:54-04:00,490000,23
599,602,BonginoReport,0:52,48049,1440,2022-10-17T20:51:58-04:00,490000,52
600,603,sonsoflibertyradiolive,55:21,122700,35,2022-10-15T14:38:36-04:00,12800,3321
601,604,vivafrei,1:31:13,63383,2060,2022-10-31T21:38:41-04:00,286000,5473
602,605,The Vigilant Fox,2:26,48177,73,2022-10-10T12:15:32-04:00,26400,146
603,606,RAIRFoundationUSA,13:06,55177,87,2022-10-25T14:38:22-04:00,7750,786
604,607,makeleio,1:22,56075,6,2022-10-10T18:10:21-04:00,1800,82
605,608,QNewsPatriot,0:29,51471,1480,2022-10-05T21:41:09-04:00,62500,29
606,609,BonginoReport,0:15,46510,815,2022-10-26T17:40:25-04:00,490000,15
607,610,Spiritual Encounters,31:41,90143,3,2022-10-13T12:41:00-04:00,187,1901
608,611,Jean-Claude@BeyondMystic,1:34:38,65712,1590,2022-10-12T17:02:59-04:00,25000,5678
609,612,BonginoReport,6:46,49060,777,2022-10-09T14:16:40-04:00,490000,406
610,613,Patel Patriot,2:00:52,84186,3450,2022-10-12T15:16:33-04:00,103000,7252
611,614,Awaken With JP,16:51,59544,5670,2022-10-04T22:00:12-04:00,417000,1011
612,615,sonsoflibertyradiolive,1:08:17,101785,62,2022-10-18T05:45:09-04:00,12800,4097
613,616,American Freedom Alliance,52:30,64117,518,2022-10-04T20:20:35-04:00,1350,3150
614,617,The Gateway Pundit,4:27,46848,338,2022-10-23T09:40:08-04:00,156000,267
615,618,Rekieta Law,2:48:59,93972,7380,2022-10-18T22:17:10-04:00,93400,10139
616,619,Russell Brand,1:20:16,69593,3230,2022-10-20T11:02:32-04:00,767000,4816
617,620,Patel Patriot,1:30:03,79105,4270,2022-10-05T10:54:29-04:00,103000,5403
618,621,BonginoReport,2:19,45797,956,2022-10-25T11:26:47-04:00,490000,139
619,622,OurGreatAwakening,1:51:25,61300,970,2022-10-27T22:10:06-04:00,11700,6685
620,623,Behizy Hub,1:29:30,61323,1160,2022-10-28T20:48:35-04:00,25100,5370
621,624,Elijah Streams,1:03:30,70248,1730,2022-10-12T12:33:14-04:00,121000,3810
622,625,Devin Nunes,7:55,53647,3190,2022-10-16T14:29:17-04:00,947000,475
623,626,The Gateway Pundit,1:43,45023,160,2022-11-01T13:18:24-04:00,156000,103
624,627,Matt Kohrs,1:42:35,52802,589,2022-10-28T08:01:29-04:00,50000,6155
625,628,RAIRFoundationUSA,14:16,51538,29,2022-10-25T14:19:22-04:00,7750,856
626,629,Rekieta Law,4:17:17,115409,6180,2022-10-20T21:24:48-04:00,93400,15437
627,630,Gene Decode,41:28,53460,148,2022-10-27T16:30:00-04:00,22200,2488
628,631,Russell Brand,1:02:44,59525,2590,2022-10-25T16:48:00-04:00,767000,3764
629,632,Bannons War Room,9:34,53864,1340,2022-10-29T12:18:51-04:00,810000,574
630,633,Rekieta Law,4:25:11,129708,7050,2022-10-20T09:23:10-04:00,93400,15911
631,634,The Gateway Pundit,1:46,44090,308,2022-10-19T14:23:27-04:00,156000,106
632,635,The Daily Caller,1:16,45755,70,2022-10-19T14:54:13-04:00,278000,76
633,636,Medical Medium,1:02:32,91209,176,2022-10-20T11:08:41-04:00,54300,3752
634,637,Bannons War Room,15:49,54544,921,2022-10-06T11:22:53-04:00,810000,949
635,638,vivafrei,2:03:33,61474,2850,2022-10-15T14:36:28-04:00,286000,7413
636,639,Emerald Robinson,11:54,48412,51,2022-10-12T14:40:00-04:00,3080,714
637,640,BonginoReport,2:00,43253,1410,2022-10-30T19:38:20-04:00,490000,120
638,641,BonginoReport,0:28,43560,808,2022-10-19T18:11:06-04:00,490000,28
639,642,makeleio,1:15,51500,6,2022-10-24T17:41:52-04:00,1800,75
640,644,Benny Johnson,42:24,55725,2150,2022-10-23T17:47:14-04:00,193000,2544
641,645,Medical Medium,10:04,73204,127,2022-10-05T17:31:51-04:00,54300,604
642,646,JTN2020,1:05:36,54679,32,2022-10-05T13:05:43-04:00,4360,3936
643,647,sonsoflibertyradiolive,59:56,101042,79,2022-10-27T05:55:08-04:00,12800,3596
644,648,sonsoflibertyradiolive,1:14:28,108706,33,2022-10-14T05:42:26-04:00,12800,4468
645,649,MG Show,1:57:52,64889,1900,2022-10-25T15:33:55-04:00,46300,7072
646,650,ARK Media,0:50,41198,4,2022-10-10T07:50:52-04:00,7780,50
647,651,Awaken With JP,6:11,52307,5590,2022-10-07T13:15:48-04:00,417000,371
648,652,WillCain,0:55,43160,42,2022-10-14T09:59:43-04:00,270,55
649,653,ARK Media,1:00,41054,8,2022-10-10T06:49:45-04:00,7780,60
650,654,ARK Media,0:20,41192,8,2022-10-10T07:49:45-04:00,7780,20
651,655,Lee Camp,1:14:28,49171,186,2022-10-26T10:25:52-04:00,26600,4468
652,656,sonsoflibertyradiolive,1:24:18,106160,42,2022-10-17T05:51:46-04:00,12800,5058
653,657,And We Know,59:40,73664,5820,2022-11-01T09:55:52-04:00,348000,3580
654,658,The Gateway Pundit,0:19,43400,207,2022-10-07T15:42:24-04:00,156000,19
655,659,The Gateway Pundit,1:28,73375,140,2022-10-09T08:32:01-04:00,156000,88
656,660,BonginoReport,0:30,42513,568,2022-10-25T21:00:25-04:00,490000,30
657,661,Jean-Claude@BeyondMystic,58:45,70255,3380,2022-10-26T17:18:16-04:00,25000,3525
658,662,Russell Brand,10:36,50935,3770,2022-10-07T14:00:00-04:00,767000,636
659,663,Bannons War Room,6:38,48417,752,2022-10-10T11:43:44-04:00,810000,398
660,664,Habibi Bros.,1:26:24,49637,398,2022-10-26T17:23:23-04:00,25300,5184
661,665,Ba'al Busters,1:22:32,44803,2,2022-10-23T18:43:07-04:00,68,4952
662,666,vivafrei,1:39:00,63874,4440,2022-10-11T08:35:29-04:00,286000,5940
663,667,The Gateway Pundit,1:15,43093,174,2022-10-25T10:44:28-04:00,156000,75
664,668,NineForNews,0:18,44673,40,2022-10-22T06:22:54-04:00,117,18
665,669,The Gateway Pundit,8:29,44100,454,2022-10-04T20:32:22-04:00,156000,509
666,670,sonsoflibertyradiolive,1:07:26,94952,46,2022-10-21T05:50:51-04:00,12800,4046
667,671,sonsoflibertyradiolive,1:54:49,94765,42,2022-10-03T05:53:28-04:00,12800,6889
668,672,sonsoflibertyradiolive,1:21:24,96864,31,2022-10-05T05:46:42-04:00,12800,4884
669,673,MmoFastLine,7:47,49304,2,2022-10-18T12:07:36-04:00,3,467
670,674,Patel Patriot,2:06:06,68351,2700,2022-10-08T20:55:09-04:00,103000,7566
671,675,makeleio,1:25,48081,2,2022-10-19T18:19:40-04:00,1800,85
672,677,The TIME We have Left,7:14,45816,58,2022-10-09T16:47:06-04:00,1040,434
673,678,Crowder Bits,2:01,44014,367,2022-11-01T00:50:00-04:00,142000,121
674,679,Awaken With JP,7:36,50910,4750,2022-10-11T14:18:40-04:00,417000,456
675,680,rbrigham,7:24,48676,6,2022-10-09T00:06:52-04:00,5,444
676,681,Situation Update,1:08:54,52632,365,2022-10-28T16:30:00-04:00,82700,4134
677,682,Situation Update,41:25,52390,622,2022-10-30T10:00:00-04:00,82700,2485
678,683,Olive Tree Ministries,54:06,56123,520,2022-10-07T07:00:00-04:00,37200,3246
679,684,Arthur do Val,1:48:52,67663,835,2022-10-28T21:04:16-04:00,4720,6532
680,685,makeleio,1:25,42756,2,2022-10-28T18:21:19-04:00,1800,85
681,686,LFA TV,1:08:15,55691,2220,2022-10-27T16:43:42-04:00,34800,4095
682,687,Emerald Robinson,12:02,42588,56,2022-10-17T13:19:38-04:00,3080,722
683,688,Stew Peters Network,1:08:20,55508,855,2022-10-19T17:20:08-04:00,440000,4100
684,689,sonsoflibertyradiolive,59:58,96049,28,2022-10-26T05:55:40-04:00,12800,3598
685,690,Awaken With JP,38:42,49833,3070,2022-10-24T10:20:58-04:00,417000,2322
686,691,The Post Millennial Clips,11:20,85175,174,2022-10-15T12:55:04-04:00,78900,680
687,692,The Ron Paul Liberty Report,33:12,49886,1050,2022-10-12T11:42:42-04:00,264000,1992
688,693,BonginoReport,0:26,41799,714,2022-10-25T21:07:10-04:00,490000,26
689,694,On The Fringe,1:02:41,52077,2000,2022-10-12T16:24:05-04:00,49400,3761
690,695,MJTruth,1:53,44659,115,2022-10-22T10:19:13-04:00,25200,113
691,696,MmoFastLine,3:42,46017,2,2022-10-18T11:48:41-04:00,3,222
692,697,Messiah of Israel Ministries,8:16,131300,22,2022-10-16T08:41:58-04:00,1180,496
693,698,sonsoflibertyradiolive,59:55,95438,29,2022-11-01T05:48:45-04:00,12800,3595
694,699,Allison Royal,21:46,48526,481,2022-10-07T16:21:37-04:00,3110,1306
695,700,Elijah Streams,57:00,72566,1820,2022-11-01T10:35:20-04:00,121000,3420
696,701,Emerald Robinson,14:19,40900,9,2022-10-17T13:24:24-04:00,3080,859
697,702,The Ron Paul Liberty Report,31:05,63409,519,2022-10-18T11:46:31-04:00,264000,1865
698,703,In The Litter Box w/ Jewels & Catturd,1:11:21,53720,1130,2022-10-27T12:23:02-04:00,35100,4281
699,704,sonsoflibertyradiolive,1:32:59,90038,33,2022-10-07T05:52:45-04:00,12800,5579
700,705,Greg Hunter's USAWatchdog.com,34:17,49402,889,2022-10-07T00:02:00-04:00,49900,2057
701,706,The Charlie Kirk Show,1:34,42878,721,2022-10-09T17:34:32-04:00,1040000,94
702,707,Greg Hunter's USAWatchdog.com,55:44,50527,838,2022-10-14T01:15:01-04:00,49900,3344
703,708,Medical Medium,10:19,68832,124,2022-10-06T19:16:59-04:00,54300,619
704,709,The Rubin Report,49:40,58186,2530,2022-10-13T10:38:06-04:00,318000,2980
705,710,Sailing Zatara,16:06,49004,447,2022-10-06T08:59:54-04:00,4960,966
706,711,The Post Millennial Clips,1:42,41101,81,2022-10-03T14:24:55-04:00,78900,102
707,712,The Post Millennial Clips,1:08,40841,145,2022-10-06T20:52:52-04:00,78900,68
708,713,Red Voice Media,4:33,42617,144,2022-10-29T16:57:59-04:00,39700,273
709,714,The Dive With Jackson Hinkle,1:34:21,55418,1920,2022-10-13T21:49:18-04:00,68500,5661
710,715,The Daily Caller,1:31,39807,130,2022-10-27T14:42:33-04:00,278000,91
711,716,Medical Medium,10:51,68233,105,2022-10-07T18:08:43-04:00,54300,651
712,717,ARK Media,0:46,37984,4,2022-10-12T06:15:00-04:00,7780,46
713,718,KYLENBECKER,1:19,45498,6,2022-10-19T16:20:17-04:00,3070,79
714,719,WildCreatures,1:47,36308,481,2022-10-08T00:27:08-04:00,131000,107
715,720,Rebel News,6:31,46492,404,2022-10-16T19:12:29-04:00,273000,391
716,721,Rekieta Law,4:48:22,112041,5730,2022-10-21T22:36:18-04:00,93400,17302
717,722,The Daily Caller,4:37,40058,80,2022-10-20T13:50:57-04:00,278000,277
718,723,TheSaltyCracker,7:15,44024,4400,2022-10-04T22:42:00-04:00,228000,435
719,724,BonginoReport,4:30,39051,695,2022-10-20T10:40:04-04:00,490000,270
720,725,Russell Brand,12:27,50140,4940,2022-10-03T14:00:00-04:00,767000,747
721,726,Patel Patriot,1:24:35,68167,3090,2022-10-29T14:25:41-04:00,103000,5075
722,727,The Post Millennial Clips,1:22,39040,45,2022-10-10T22:21:11-04:00,78900,82
723,728,BonginoReport,1:09,38801,1510,2022-10-25T21:31:20-04:00,490000,69
724,729,Stew Peters Network,12:33,52239,919,2022-10-12T19:00:00-04:00,440000,753
725,730,On The Fringe,59:17,49614,2009,2022-10-04T16:06:58-04:00,49400,3557
726,731,The Gateway Pundit,1:03:23,41552,212,2022-10-21T12:58:31-04:00,156000,3803
727,732,The Post Millennial Clips,1:11,38961,34,2022-10-14T15:29:09-04:00,78900,71
728,733,The Charlie Kirk Show,0:50,39692,921,2022-10-17T18:01:23-04:00,1040000,50
729,734,DelJay Rock and Blog!,1:00,925418,10,2022-10-04T09:03:23-04:00,1640,60
730,735,RedpillUSAPatriots,1:32:55,52287,276,2022-10-22T17:42:52-04:00,87900,5575
731,736,The Gateway Pundit,7:36,43638,287,2022-10-22T07:33:50-04:00,156000,456
732,737,BonginoReport,0:30,38217,647,2022-10-27T10:25:05-04:00,490000,30
733,738,TheSaltyCracker,8:05,49205,5080,2022-10-29T11:17:05-04:00,228000,485
734,739,sonsoflibertyradiolive,1:00:03,84567,65,2022-10-22T07:48:39-04:00,12800,3603
735,740,Awaken With JP,3:39,44031,4960,2022-10-10T09:00:00-04:00,417000,219
736,741,BonginoReport,3:38,38479,1050,2022-10-18T16:57:20-04:00,490000,218
737,742,mariazeee,58:14,48614,687,2022-10-06T19:14:01-04:00,37600,3494
738,743,DelJay Rock and Blog!,0:34,44136,10,2022-10-04T09:04:34-04:00,1640,34
739,744,makeleio,1:21,43675,3,2022-10-30T18:57:28-04:00,1800,81
740,745,Jean-Claude@BeyondMystic,1:33:06,65389,2490,2022-10-31T17:30:56-04:00,25000,5586
741,746,ScrewBigGov,10:03:57,77474,1690,2022-10-22T12:28:34-04:00,27400,36237
742,747,The Ron Paul Liberty Report,27:38,62789,650,2022-10-06T12:00:00-04:00,264000,1658
743,748,vivafrei,2:04:10,56908,2650,2022-10-06T08:41:17-04:00,286000,7450
744,749,Medical Medium,9:36,66529,156,2022-10-08T16:30:25-04:00,54300,576
745,750,Medical Medium,27:36,66727,107,2022-10-11T13:44:06-04:00,54300,1656
746,751,Chief Nerd,4:30,40100,75,2022-10-13T18:42:32-04:00,20300,270
747,752,Crowder Bits,16:32,41515,357,2022-10-27T17:00:00-04:00,142000,992
748,753,The Gateway Pundit,6:12,40199,348,2022-10-14T01:43:27-04:00,156000,372
749,754,The People's Voice,25:59,45576,60,2022-10-19T21:16:54-04:00,672,1559
750,755,Russell Brand,12:29,48015,5430,2022-10-14T14:00:42-04:00,767000,749
751,756,The Dive With Jackson Hinkle,1:58:00,47517,1460,2022-10-19T20:50:28-04:00,68500,7080
752,757,Patel Patriot,1:38:48,60257,2980,2022-10-19T15:52:00-04:00,103000,5928
753,758,Bannons War Room,5:14,37184,539,2022-10-28T18:25:48-04:00,810000,314
754,759,MrTruthBomb2,2:38:17,58913,1970,2022-10-07T20:09:29-04:00,50100,9497
755,760,369Politics,35:42,49459,20,2022-10-21T18:30:00-04:00,434,2142
756,761,Medical Medium,8:43,65618,117,2022-10-09T17:04:29-04:00,54300,523
757,762,il Donaldo Trumpo,0:45,45822,2380,2022-10-29T18:16:19-04:00,169000,45
758,763,BonginoReport,0:26,36431,476,2022-10-17T14:24:48-04:00,490000,26
759,764,Bannons War Room,8:14,40071,838,2022-10-12T22:02:12-04:00,810000,494
760,765,Bannons War Room,5:27,37065,242,2022-10-28T11:17:06-04:00,810000,327
761,766,TheLastAmericanVagabond,46:53,50653,65,2022-10-17T11:54:43-04:00,8720,2813
762,767,Dan Bongino Show Clips,9:35,39384,931,2022-10-04T12:34:10-04:00,217000,575
763,768,Greg Hunter's USAWatchdog.com,1:01:00,46538,869,2022-10-21T03:27:31-04:00,49900,3660
764,769,makeleio,1:08,41371,11,2022-10-06T18:20:52-04:00,1800,68
765,770,The Post Millennial Clips,0:12,38175,102,2022-10-21T18:11:51-04:00,78900,12
766,771,ARK Media,2:28,34913,17,2022-10-11T06:36:47-04:00,7780,148
767,772,On The Fringe,1:05:52,48659,2020,2022-10-14T16:47:49-04:00,49400,3952
768,773,Situation Update,37:11,45485,484,2022-10-14T08:00:00-04:00,82700,2231
769,774,Nicholas Veniamin,49:59,48133,934,2022-10-20T13:06:36-04:00,60800,2999
770,775,The Charlie Kirk Show,2:29,41042,1160,2022-10-09T20:43:15-04:00,1040000,149
771,776,BonginoReport,2:51,38138,1190,2022-10-18T12:45:17-04:00,490000,171
772,777,Explain America,5:23,35249,31,2022-10-31T19:52:11-04:00,3070,323
773,778,Medical Medium,43:43,64721,117,2022-10-10T11:15:49-04:00,54300,2623
774,779,Right Side Broadcasting Network,1:50:24,52026,1640,2022-10-22T22:33:26-04:00,382000,6624
775,780,Medical Medium,1:10:57,62784,131,2022-10-13T12:14:17-04:00,54300,4257
776,781,vivafrei,9:22:33,46619,980,2022-10-31T09:09:55-04:00,286000,33753
777,782,Resist the Mainstream,0:55,38254,225,2022-10-10T00:30:07-04:00,36200,55
778,783,makeleio,1:11,40158,9,2022-10-09T18:12:53-04:00,1800,71
779,784,The Gateway Pundit,1:58,35447,250,2022-10-06T16:18:05-04:00,156000,118
780,785,CannCon Overflow,22:57,37157,217,2022-10-20T10:22:49-04:00,15600,1377
781,786,The Post Millennial Clips,0:11,36487,22,2022-10-20T14:30:34-04:00,78900,11
782,787,Behizy Hub,1:28:55,43884,1640,2022-10-27T20:53:52-04:00,25100,5335
783,788,Bannons War Room,5:32,40969,552,2022-10-18T12:22:27-04:00,810000,332
784,789,Patel Patriot,1:26:02,60056,2950,2022-10-26T04:30:26-04:00,103000,5162
785,790,BonginoReport,2:13,37156,1170,2022-10-13T09:09:43-04:00,490000,133
786,791,vivafrei,1:55:51,43849,1180,2022-10-26T13:57:38-04:00,286000,6951
787,792,sonsoflibertyradiolive,1:36:07,82331,39,2022-10-15T07:49:47-04:00,12800,5767
788,793,Medical Medium,30:30,63265,131,2022-10-11T19:11:06-04:00,54300,1830
789,794,The Charlie Kirk Show,2:13,37134,1210,2022-10-13T10:21:13-04:00,1040000,133
790,795,BonginoReport,3:53,36453,735,2022-10-09T09:59:50-04:00,490000,233
791,796,vivafrei,1:39:39,44360,1760,2022-10-31T08:59:05-04:00,286000,5979
792,797,Man in America,1:11:43,51143,1380,2022-10-11T12:07:31-04:00,68200,4303
793,798,The Charlie Kirk Show,0:29,35493,450,2022-10-26T16:36:13-04:00,1040000,29
794,799,The Gateway Pundit,7:21,34867,410,2022-10-05T14:28:20-04:00,156000,441
795,800,Olive Tree Ministries,59:47,47171,527,2022-10-14T07:00:00-04:00,37200,3587
796,801,The Dershow,30:40,40309,387,2022-10-26T13:31:58-04:00,161000,1840
797,802,The Post Millennial Clips,2:19,36869,169,2022-10-25T15:06:17-04:00,78900,139
798,803,BonginoReport,1:41,35795,626,2022-10-05T14:15:21-04:00,490000,101
799,804,The Daily Caller,4:46,36201,260,2022-10-28T21:45:10-04:00,278000,286
800,805,rawvideonews,0:35,37013,23,2022-10-23T15:16:27-04:00,57,35
801,806,Medical Medium,1:21:08,62310,209,2022-10-15T13:12:37-04:00,54300,4868
802,807,ZeroHedge,1:21,36116,7,2022-10-20T10:08:38-04:00,805,81
803,808,Greg Hunter's USAWatchdog.com,58:07,44120,787,2022-10-28T03:50:00-04:00,49900,3487
804,809,Patel Patriot,1:26:51,61369,3640,2022-10-22T18:37:11-04:00,103000,5211
805,810,The Post Millennial Clips,2:42,37559,69,2022-10-26T12:06:01-04:00,78900,162
806,811,vivafrei,1:53:06,48294,2170,2022-10-13T08:54:13-04:00,286000,6786
807,812,RealAmericasVoice,5:27,35033,15,2022-10-21T12:08:06-04:00,55600,327
808,813,Russell Brand,13:12,47293,3190,2022-10-21T14:15:32-04:00,767000,792
809,814,Red Voice Media,3:42,40028,125,2022-10-10T12:48:25-04:00,39700,222
810,815,ARK Media,0:13,32904,4,2022-10-11T06:33:41-04:00,7780,13
811,816,Stew Peters Network,19:11,46979,831,2022-10-03T19:00:00-04:00,440000,1151
812,817,On The Fringe,59:25,46501,2100,2022-10-06T17:42:29-04:00,49400,3565
813,818,sonsoflibertyradiolive,58:39,74639,37,2022-10-10T14:25:22-04:00,12800,3519
814,819,Russell Brand,13:14,42983,3970,2022-10-20T13:54:09-04:00,767000,794
815,820,The Dive With Jackson Hinkle,1:33:24,44560,1130,2022-10-31T20:52:18-04:00,68500,5604
816,821,David Icke,1:02:19,41794,187,2022-10-07T05:00:35-04:00,13600,3739
817,822,BonginoReport,2:17,35153,805,2022-10-18T09:50:50-04:00,490000,137
818,823,KYLENBECKER,2:59,37789,31,2022-10-11T20:55:29-04:00,3070,179
819,824,Bannons War Room,48:57,53481,2430,2022-10-29T13:48:50-04:00,810000,2937
820,825,Real Truth Real News,1:21,46746,106,2022-10-11T21:57:35-04:00,17200,81
821,826,The Post Millennial Clips,0:15,33924,40,2022-10-04T10:46:30-04:00,78900,15
822,827,Andrew tate podcasts,13:59,46803,718,2022-10-26T09:05:10-04:00,26700,839
823,828,On The Fringe,1:09:42,44742,2009,2022-10-13T16:59:45-04:00,49400,4182
824,829,BonginoReport,1:18,34283,786,2022-10-21T10:59:10-04:00,490000,78
825,830,FRONTLINES w/ Drew Hernandez,24:13,44654,1450,2022-10-20T22:30:00-04:00,12900,1453
826,831,LSNTV,10:50,44471,46,2022-10-25T16:58:03-04:00,17500,650
827,832,BonginoReport,1:11,34724,1070,2022-10-07T12:50:10-04:00,490000,71
828,833,Matt Kohrs,53:05,39822,564,2022-10-26T16:54:34-04:00,50000,3185
829,834,The Daily Caller,1:04,35415,111,2022-10-24T11:39:51-04:00,278000,64
830,835,rawvideonews,0:54,37619,11,2022-10-30T14:47:58-04:00,57,54
831,836,Emerald Robinson,8:30,34218,18,2022-10-03T12:55:30-04:00,3080,510
832,837,The Washington Pundit,0:29,35635,38,2022-10-31T14:56:13-04:00,1950,29
833,838,The Vigilant Fox,3:42,38856,191,2022-10-10T12:49:01-04:00,26400,222
834,839,The Gateway Pundit,5:44,34241,804,2022-10-07T08:02:01-04:00,156000,344
835,840,Rebel News,8:49,37338,439,2022-10-24T22:28:33-04:00,273000,529
836,841,The Post Millennial Clips,2:04,34810,54,2022-10-24T22:38:43-04:00,78900,124
837,842,The Post Millennial Clips,1:19,36426,51,2022-10-26T22:24:36-04:00,78900,79
838,843,Edge of Wonder,1:02:36,43111,277,2022-10-27T14:59:34-04:00,34600,3756
839,844,Stew Peters Network,49:02,46342,984,2022-10-28T16:39:55-04:00,440000,2942
840,845,The Post Millennial,2:53:44,34651,18,2022-10-25T17:49:37-04:00,23500,10424
841,846,Voting Machine Fraud,41:18,40511,235,2022-10-06T05:22:55-04:00,378,2478
842,847,vivafrei,1:38:06,50897,2620,2022-10-19T21:34:41-04:00,286000,5886
843,848,Badlands Media,1:49:20,60383,2680,2022-10-17T10:39:44-04:00,22100,6560
844,849,100PercentFedUp,0:47,34060,7,2022-10-31T02:32:38-04:00,1190,47
845,850,Bannons War Room,4:06,38519,932,2022-10-19T18:14:14-04:00,810000,246
846,851,RealRogerStone,7:43,33336,99,2022-10-11T21:45:58-04:00,1620,463
847,852,The Dershow,30:41,37485,354,2022-10-31T12:25:46-04:00,161000,1841
848,853,The Post Millennial Clips,2:42,35576,186,2022-10-24T15:51:19-04:00,78900,162
849,854,The Charlie Kirk Show,0:47,33507,1250,2022-10-14T19:47:42-04:00,1040000,47
850,855,Hagmann Report,1:30:17,41749,351,2022-10-20T18:59:00-04:00,27500,5417
851,856,mattsworldd,3:59,40017,438,2022-10-28T19:33:57-04:00,256,239
852,857,ARK Media,0:39,31376,4,2022-10-25T04:45:12-04:00,7780,39
853,858,Red Voice Media,6:35,35032,146,2022-10-20T13:17:18-04:00,39700,395
854,859,Badlands Media,1:42:35,50723,2680,2022-10-25T21:27:09-04:00,22100,6155
855,860,Benny Johnson,1:12:37,47035,1420,2022-10-31T10:43:12-04:00,193000,4357
856,861,Russell Brand,11:33,42449,4680,2022-10-06T14:00:00-04:00,767000,693
857,862,Benny Johnson,1:09:10,44290,1100,2022-11-01T11:03:20-04:00,193000,4150
858,863,The HighWire with Del Bigtree,2:33:17,41667,480,2022-10-28T09:39:27-04:00,63300,9197
859,864,Sean Hannity,0:16,35546,425,2022-10-21T06:53:03-04:00,1270000,16
860,865,On The Fringe,1:09:31,43695,1960,2022-10-10T17:12:03-04:00,49400,4171
861,866,BonginoReport,3:28,35042,838,2022-10-30T10:45:16-04:00,490000,208
862,867,Stew Peters Network,2:15:15,46542,342,2022-10-06T14:32:59-04:00,440000,8115
863,868,On The Fringe,45:25,42640,2240,2022-10-23T18:37:14-04:00,49400,2725
864,869,The Gateway Pundit,0:32,32568,438,2022-10-10T19:26:53-04:00,156000,32
865,870,ARK Media,1:08,31585,9,2022-10-12T06:14:10-04:00,7780,68
866,871,The Gateway Pundit,1:23,35809,205,2022-10-20T21:37:16-04:00,156000,83
867,872,ARK Media,0:36,30994,3,2022-10-25T04:17:37-04:00,7780,36
868,873,BonginoReport,1:25,32723,1370,2022-10-20T17:49:39-04:00,490000,85
869,874,The Post Millennial Clips,1:32,34152,138,2022-10-16T19:59:51-04:00,78900,92
870,875,Restored Republic,44:40,46444,751,2022-10-03T05:28:49-04:00,42000,2680
871,876,projectcamelot,45:48,46264,866,2022-10-19T20:34:15-04:00,25700,2748
872,877,BonginoReport,0:19,34056,1280,2022-10-03T08:56:07-04:00,490000,19
873,878,BonginoReport,8:34,34282,733,2022-10-13T11:25:44-04:00,490000,514
874,879,Medical Medium,59:04,58562,158,2022-10-12T18:34:03-04:00,54300,3544
875,880,ARK Media,0:24,30765,3,2022-10-25T04:44:34-04:00,7780,24
876,881,Patel Patriot,1:20:46,55088,3290,2022-10-15T11:42:21-04:00,103000,4846
877,882,Vigilant News,59:42,64032,24,2022-10-24T16:22:26-04:00,2650,3582
878,883,BonginoReport,2:42,33997,1250,2022-10-24T15:15:39-04:00,490000,162
879,884,Badlands Media,1:23:55,56451,1200,2022-10-20T12:43:03-04:00,22100,5035
880,885,stopworldcontrol,5:04,42528,54,2022-10-26T19:42:06-04:00,35400,304
881,886,Joe Dingle,0:25,32350,14,2022-10-24T16:39:18-04:00,1560,25
882,887,Sean Hannity,0:58,34840,412,2022-10-05T18:21:01-04:00,1270000,58
883,888,Vanguardia,0:41,39042,4,2022-10-20T12:47:14-04:00,1980,41
884,889,vivafrei,2:10:34,43893,1900,2022-10-27T11:48:20-04:00,286000,7834
885,890,Sean Hannity,0:26,35909,625,2022-10-14T09:45:32-04:00,1270000,26
886,891,David Icke,1:13:08,39863,283,2022-10-13T16:34:01-04:00,13600,4388
887,892,Russell Brand,1:04:09,41977,2020,2022-10-26T17:36:28-04:00,767000,3849
888,893,On The Fringe,1:03:48,42597,2000,2022-10-03T16:45:32-04:00,49400,3828
889,894,Patriot Underground,2:37:45,47705,769,2022-10-15T23:58:50-04:00,27300,9465
890,895,vivafrei,8:55:21,43454,1540,2022-10-24T09:39:53-04:00,286000,32121
891,896,Vigilant News,1:11:57,65954,44,2022-10-17T16:52:31-04:00,2650,4317
892,897,stopworldcontrol,7:58,42232,100,2022-10-27T15:30:09-04:00,35400,478
893,898,Badlands Media,1:33:34,53307,2180,2022-10-30T02:08:15-04:00,22100,5614
894,899,RealAmericasVoice,0:30,54926,42,2022-10-14T14:43:59-04:00,55600,30
895,900,On The Fringe,59:57,42749,1980,2022-10-15T18:35:53-04:00,49400,3597
896,901,The Daily Caller,6:34,32594,195,2022-10-19T20:42:08-04:00,278000,394
897,902,Behizy Hub,2:16:23,39391,1230,2022-10-07T00:27:33-04:00,25100,8183
898,903,Monark,1:53:13,45096,764,2022-10-13T14:32:09-04:00,219000,6793
899,904,BonginoReport,0:12,32265,499,2022-10-17T15:55:24-04:00,490000,12
900,905,Joe Pags,20:41,35088,502,2022-10-03T21:21:42-04:00,172000,1241
901,906,Medical Medium,1:14:09,57791,113,2022-10-14T11:18:55-04:00,54300,4449
902,907,NineForNews,1:55,34217,10,2022-10-23T07:33:47-04:00,117,115
903,908,The Gateway Pundit,6:55,33387,95,2022-10-19T12:18:01-04:00,156000,415
904,909,NineForNews,1:11,34191,4,2022-10-23T07:32:46-04:00,117,71
905,910,ScrewBigGov,10:32:04,79503,1840,2022-10-23T11:58:37-04:00,27400,37924
906,911,apsemedia,0:53,33482,6,2022-10-24T17:49:49-04:00,63,53
907,912,The Dive With Jackson Hinkle,1:39:15,39046,1710,2022-10-23T20:23:09-04:00,68500,5955
908,913,The Post Millennial Clips,0:07,33002,51,2022-10-31T22:51:39-04:00,78900,7
909,914,Vigilant News,54:49,64836,42,2022-10-14T16:50:04-04:00,2650,3289
910,915,Diamond and Silk,1:04:27,43090,1520,2022-10-27T17:14:19-04:00,601000,3867
911,916,vivafrei,3:00:54,39734,1350,2022-10-28T10:54:39-04:00,286000,10854
912,917,The Gateway Pundit,8:41,33276,396,2022-10-16T08:13:47-04:00,156000,521
913,918,BonginoReport,1:30,31821,717,2022-10-24T12:03:25-04:00,490000,90
914,919,The Dive With Jackson Hinkle,1:22:18,39614,1660,2022-10-20T19:08:21-04:00,68500,4938
915,920,Benny Johnson,1:06:13,43004,1780,2022-10-07T10:34:30-04:00,193000,3973
916,921,Mr Producer Media,5:18,45611,75,2022-10-14T22:56:40-04:00,36600,318
917,922,The Post Millennial Clips,0:27,32117,35,2022-10-21T12:35:55-04:00,78900,27
918,923,Ron DeSantis,32:07,37076,422,2022-10-11T13:08:56-04:00,276000,1927
919,924,DC Enquirer,0:09,31797,11,2022-10-06T16:34:36-04:00,5890,9
920,925,Badlands Media,2:01:56,53971,2270,2022-10-14T13:07:55-04:00,22100,7316
921,926,KYLENBECKER,3:38,32988,18,2022-10-19T11:13:08-04:00,3070,218
922,927,ARK Media,0:09,30093,3,2022-10-12T06:13:38-04:00,7780,9
923,928,Devin Nunes,9:36,35359,1420,2022-10-28T16:37:08-04:00,947000,576
924,929,Man in America,2:15:56,46629,918,2022-10-06T14:35:58-04:00,68200,8156
925,930,discerntv,1:05,33005,17,2022-10-25T13:17:33-04:00,14,65
926,931,BonginoReport,3:14,32102,371,2022-10-12T10:01:34-04:00,490000,194
927,932,Stew Peters Network,59:06,48447,1430,2022-10-17T16:55:01-04:00,440000,3546
928,933,10X Health,19:55,36637,610,2022-10-25T10:54:16-04:00,650,1195
929,934,The Gateway Pundit,0:59,31267,284,2022-10-21T09:43:12-04:00,156000,59
930,935,Olive Tree Ministries,55:11,44183,565,2022-10-21T07:00:00-04:00,37200,3311
931,936,LSNTV,34:01,48427,123,2022-10-17T16:40:00-04:00,17500,2041
932,937,Newsmax TV,1:45:30,36475,703,2022-10-22T22:56:25-04:00,956000,6330
933,938,The Post Millennial Clips,2:13,32073,24,2022-10-13T15:42:27-04:00,78900,133
934,939,ARK Media,0:17,29956,7,2022-10-12T06:13:02-04:00,7780,17
935,940,BonginoReport,0:40,32014,533,2022-10-05T10:33:45-04:00,490000,40
936,941,TheSaltyCracker,4:21,39348,5630,2022-10-27T22:06:27-04:00,228000,261
937,942,Alison Morrow,42:09,37695,1820,2022-10-07T14:16:54-04:00,34800,2529
938,943,AndrewTate,4:23,44671,4920,2022-10-08T09:41:37-04:00,208000,263
939,944,KYLENBECKER,5:43,34436,15,2022-10-29T13:33:55-04:00,3070,343
940,945,Mr Producer Media,0:26,33055,66,2022-10-21T19:42:04-04:00,36600,26
941,946,JULIE GREEN MINISTRIES,1:10,36501,2350,2022-10-06T11:03:25-04:00,143000,70
942,947,Medical Medium,42:11,56580,142,2022-10-14T19:17:47-04:00,54300,2531
943,948,TwinkiesMama,0:37,32039,1050,2022-10-21T15:54:01-04:00,91,37
944,949,Nick Moseder,1:12:42,38520,1610,2022-10-18T15:22:03-04:00,22000,4362
945,950,Restored Republic,17:36,41478,732,2022-10-13T04:12:40-04:00,42000,1056
946,951,DC Enquirer,2:00,30602,46,2022-10-31T14:44:50-04:00,5890,120
947,952,Stew Peters Network,19:45,38860,815,2022-10-17T19:00:00-04:00,440000,1185
948,953,Laura-Lynn Tyler Thompson,1:29:46,38971,214,2022-10-14T22:48:57-04:00,22700,5386
949,954,Badlands Media,1:45:44,56129,2150,2022-10-28T00:09:27-04:00,22100,6344
950,955,speropictures,4:11,39607,1050,2022-10-21T09:30:00-04:00,3020,251
951,956,Resist the Mainstream,5:39,32559,69,2022-10-24T17:44:12-04:00,36200,339
952,957,vivafrei,1:49:31,42118,2070,2022-10-07T10:22:26-04:00,286000,6571
953,958,SantaSurfing,32:27,41859,2270,2022-10-04T22:32:22-04:00,111000,1947
954,959,Dan Bongino Show Clips,11:27,33026,916,2022-10-14T11:57:35-04:00,217000,687
955,960,ARK Media,0:40,29245,8,2022-10-21T05:16:54-04:00,7780,40
956,961,Badlands Media,2:09:19,54409,2280,2022-10-18T13:29:04-04:00,22100,7759
957,962,il Donaldo Trumpo,0:32,32927,1470,2022-10-17T18:11:29-04:00,169000,32
958,963,Stew Peters Network,58:23,41281,860,2022-10-12T15:47:06-04:00,440000,3503
959,964,TheSaltyCracker,8:50,41454,5440,2022-10-29T22:11:59-04:00,228000,530
960,965,The Ron Paul Liberty Report,33:33,36792,449,2022-10-27T11:48:26-04:00,264000,2013
961,966,SeanandRachelDuffy,0:55,31997,22,2022-10-14T10:00:03-04:00,103,55
962,967,Benny Johnson,34:57,40728,2190,2022-10-26T19:54:43-04:00,193000,2097
963,968,Bannons War Room,6:17,31093,632,2022-10-06T11:46:03-04:00,810000,377
964,969,Russell Brand,8:41,38708,3680,2022-10-29T11:33:17-04:00,767000,521
965,970,Dr. Drew,1:24:14,40069,1090,2022-10-18T13:17:44-04:00,158000,5054
966,971,On The Fringe,59:12,41316,2160,2022-10-05T16:21:14-04:00,49400,3552
967,972,mariazeee,48:49,38409,422,2022-10-05T04:50:00-04:00,37600,2929
968,973,ViralHog,0:43,32449,13,2022-10-17T14:48:37-04:00,150000,43
969,974,TheSaltyCracker,6:55,37776,5150,2022-10-24T21:56:34-04:00,228000,415
970,975,Bannons War Room,9:13,30636,904,2022-10-08T10:29:14-04:00,810000,553
971,976,The Gateway Pundit,1:49,31436,459,2022-10-22T21:24:39-04:00,156000,109
972,977,officialutsava,25:41,39505,2150,2022-10-11T21:46:45-04:00,17600,1541
973,978,The Ron Paul Liberty Report,29:58,37011,498,2022-10-04T11:45:09-04:00,264000,1798
974,979,Medical Medium,48:56,55105,123,2022-10-13T19:16:46-04:00,54300,2936
975,980,Bannons War Room,48:59,44584,2280,2022-10-15T12:46:53-04:00,810000,2939
976,981,Badlands Media,1:41:53,54535,3010,2022-10-24T21:05:15-04:00,22100,6113
977,982,The Ron Paul Liberty Report,31:38,50529,514,2022-10-20T11:49:48-04:00,264000,1898
978,983,The Ron Paul Liberty Report,30:02,53802,429,2022-10-19T11:49:09-04:00,264000,1802
979,984,sonsoflibertyradiolive,58:15,66092,17,2022-10-24T16:33:00-04:00,12800,3495
980,985,The Ron Paul Liberty Report,30:08,37734,728,2022-10-13T11:49:18-04:00,264000,1808
981,986,The Rubin Report,1:04:45,49712,1780,2022-10-31T10:53:15-04:00,318000,3885
982,987,One America News Network,3:06,31410,991,2022-10-25T15:57:22-04:00,940000,186
983,988,ARK Media,0:38,28160,10,2022-10-26T05:51:50-04:00,7780,38
984,989,Matt Kohrs,53:06,35853,451,2022-10-27T16:37:47-04:00,50000,3186
985,990,On The Fringe,1:01:23,40180,2130,2022-10-16T16:52:06-04:00,49400,3683
986,991,In The Litter Box w/ Jewels & Catturd,1:04:11,37828,572,2022-11-01T12:31:02-04:00,35100,3851
987,992,BonginoReport,0:28,31240,602,2022-10-25T21:04:11-04:00,490000,28
988,993,RealAmericasVoice,3:10,49784,31,2022-10-28T14:14:14-04:00,55600,190
989,994,The Daily Caller,2:18,29270,159,2022-10-14T16:06:27-04:00,278000,138
990,995,Ryan Long,2:58,34099,787,2022-10-24T15:53:05-04:00,24800,178
991,996,MJTruth,7:14,36617,371,2022-10-27T13:43:15-04:00,25200,434
992,997,Resist the Mainstream,0:26,30207,59,2022-10-22T15:06:47-04:00,36200,26
993,998,BonginoReport,1:24,29990,1270,2022-10-24T08:52:10-04:00,490000,84
994,999,sarahkatheryn,8:48,31496,2,2022-10-04T11:55:16-04:00,6,528
995,1000,ewdolan,2:33,29114,15,2022-10-24T11:57:33-04:00,15,153
996,1001,BonginoReport,0:39,32525,632,2022-10-28T08:14:54-04:00,490000,39
997,1002,Will Cain,1:21,29125,191,2022-10-27T18:27:53-04:00,52900,81
998,1003,On The Fringe,1:02:36,38615,1900,2022-10-19T18:07:42-04:00,49400,3756
999,1004,Chief Nerd,8:37,35823,233,2022-10-12T14:26:50-04:00,20300,517
1000,1005,The Gateway Pundit,1:32,30050,712,2022-10-12T20:58:52-04:00,156000,92
1001,1006,TheSaltyCracker,8:03,38001,5420,2022-10-15T22:00:50-04:00,228000,483
1002,1007,DailyTruthReport,1:02,32358,205,2022-10-24T19:58:41-04:00,65000,62
1003,1008,God's Roadmap to the End,1:08:02,34705,35,2022-10-17T13:45:00-04:00,1410,4082
1004,1009,Restored Republic,21:06,41295,682,2022-10-12T04:32:23-04:00,42000,1266
1005,1010,The Daily Caller,22:56,34145,550,2022-10-06T21:45:27-04:00,278000,1376
1006,1011,The Post Millennial Clips,1:32,29608,18,2022-10-11T15:32:15-04:00,78900,92
1007,1012,Restored Republic,19:28,39735,703,2022-10-24T04:56:03-04:00,42000,1168
1008,1013,The Post Millennial Clips,2:19,29572,85,2022-10-24T17:26:51-04:00,78900,139
1009,1014,Science Simplified - The Fat Emperor,47:06,37481,249,2022-10-21T05:50:14-04:00,725,2826
1010,1015,ARK Media,0:16,29411,2,2022-10-28T05:08:17-04:00,7780,16
1011,1016,Stew Peters Network,17:19,35437,729,2022-10-10T19:00:00-04:00,440000,1039
1012,1017,The Ron Paul Liberty Report,28:07,34226,440,2022-10-28T11:26:03-04:00,264000,1687
1013,1018,The Rubin Report,56:46,42929,1390,2022-10-26T10:43:23-04:00,318000,3406
1014,1019,Ron DeSantis,1:56:30,33568,742,2022-10-16T13:44:54-04:00,276000,6990
1015,1020,Chubbyemu,13:03,32054,767,2022-10-14T14:19:00-04:00,10200,783
1016,1021,In The Litter Box w/ Jewels & Catturd,1:08:19,40767,963,2022-10-28T12:26:42-04:00,35100,4099
1017,1022,Turtleboy Daily News,2:18:22,54345,19,2022-10-05T13:30:51-04:00,626,8302
1018,1023,Lauren Chen,10:35,34150,2220,2022-10-08T09:05:00-04:00,112000,635
1019,1024,The Post Millennial Clips,1:18,29057,170,2022-10-11T07:37:17-04:00,78900,78
1020,1025,michaelj5326,24:08,35745,1150,2022-10-05T10:40:48-04:00,86300,1448
1021,1026,DrVladimirZelenkoMD,0:34,30667,18,2022-10-12T19:52:42-04:00,3070,34
1022,1027,The Ron Paul Liberty Report,33:06,36556,657,2022-10-05T11:48:04-04:00,264000,1986
1023,1028,The Charlie Kirk Show,0:30,29760,1520,2022-10-09T17:57:02-04:00,1040000,30
1024,1029,Situation Update,34:38,36909,353,2022-10-14T11:00:00-04:00,82700,2078
1025,1030,Russell Brand,12:32,34000,3090,2022-10-04T12:05:02-04:00,767000,752
1026,1031,The Charlie Kirk Show,0:37,28687,795,2022-10-07T19:29:10-04:00,1040000,37
1027,1032,Gene Decode,55:29,37487,99,2022-10-16T07:30:00-04:00,22200,3329
1028,1033,BonginoReport,3:02,30521,1130,2022-10-04T10:21:30-04:00,490000,182
1029,1034,Restored Republic,14:44,38000,814,2022-10-17T04:19:01-04:00,42000,884
1030,1035,The Ron Paul Liberty Report,30:18,49004,308,2022-10-03T14:41:36-04:00,264000,1818
1031,1036,il Donaldo Trumpo,2:17,33176,1480,2022-10-08T17:26:49-04:00,169000,137
1032,1037,BonginoReport,0:15,30265,479,2022-10-03T17:09:21-04:00,490000,15
1033,1038,Dan Bongino Show Clips,2:57,30852,583,2022-10-21T12:17:51-04:00,217000,177
1034,1039,Just The News,2:12,27784,79,2022-10-11T16:40:06-04:00,443000,132
1035,1040,Red Voice Media,0:30,35771,38,2022-10-29T07:27:12-04:00,39700,30
1036,1041,Red Voice Media,1:12:53,32813,140,2022-10-30T08:23:28-04:00,39700,4373
1037,1042,Devin Nunes,9:08,34382,2110,2022-10-21T09:21:00-04:00,947000,548
1038,1043,The Gateway Pundit,2:49,28601,285,2022-10-04T10:32:03-04:00,156000,169
1039,1044,Restored Republic,26:49,39552,736,2022-10-18T04:45:19-04:00,42000,1609
1040,1045,ARK Media,0:55,26677,2,2022-10-26T05:23:47-04:00,7780,55
1041,1046,Bannons War Room,9:00,31524,559,2022-10-03T20:09:36-04:00,810000,540
1042,1047,ARK Media,1:16,26948,3,2022-10-06T05:35:45-04:00,7780,76
1043,1048,The Rubin Report,50:50,39472,1660,2022-10-03T10:41:31-04:00,318000,3050
1044,1049,The Mel K Show,11:30:35,55025,1000,2022-10-21T20:28:36-04:00,157000,41435
1045,1050,On The Fringe,1:01:32,37988,1830,2022-10-11T16:12:03-04:00,49400,3692
1046,1051,BonginoReport,1:17,28524,588,2022-10-04T15:40:35-04:00,490000,77
1047,1052,ViralHog,1:30,30418,14,2022-10-19T11:35:01-04:00,150000,90
1048,1053,The Tulsi Gabbard Show,1:16:36,46418,3040,2022-10-25T06:00:00-04:00,346000,4596
1049,1054,DC Enquirer,0:30,28211,17,2022-10-09T13:31:52-04:00,5890,30
1050,1055,The Mel K Show,1:01:18,39933,1510,2022-10-08T18:52:30-04:00,157000,3678
1051,1056,Hagmann Report,1:30:18,36635,422,2022-10-27T18:59:00-04:00,27500,5418
1052,1057,BonginoReport,0:30,28708,600,2022-10-21T18:12:56-04:00,490000,30
1053,1058,The Rubin Report,55:41,42998,1700,2022-10-27T10:38:21-04:00,318000,3341
1054,1059,Dr Steve Turley,9:35,32187,1420,2022-10-24T17:56:09-04:00,146000,575
1055,1060,Restored Republic,18:01,36808,741,2022-10-05T04:12:26-04:00,42000,1081
1056,1061,The Post Millennial Clips,2:54,28714,17,2022-10-24T10:42:51-04:00,78900,174
1057,1062,ViralHog,2:06,29252,32,2022-10-14T16:21:03-04:00,150000,126
1058,1063,On The Fringe,52:20,36892,2040,2022-10-09T17:13:09-04:00,49400,3140
1059,1064,Awaken With JP,3:57,33558,3800,2022-10-22T11:00:00-04:00,417000,237
1060,1065,Rebel News,8:22,30902,621,2022-10-09T21:40:09-04:00,273000,502
1061,1066,BonginoReport,1:21,28482,1170,2022-10-27T17:02:44-04:00,490000,81
1062,1067,ARK Media,3:27,26146,4,2022-10-21T04:46:49-04:00,7780,207
1063,1068,ZeroHedge,2:47,28812,11,2022-10-31T09:15:08-04:00,805,167
1064,1069,MJTruth,1:17:18,43117,736,2022-10-17T10:17:31-04:00,25200,4638
1065,1070,BonginoReport,0:22,28086,844,2022-10-07T10:19:51-04:00,490000,22
1066,1071,Russell Brand,11:01,35770,3950,2022-10-11T13:30:00-04:00,767000,661
1067,1072,The Rubin Report,57:58,38751,1390,2022-10-12T10:33:23-04:00,318000,3478
1068,1073,The Gateway Pundit,8:42,29354,433,2022-10-30T16:46:15-04:00,156000,522
1069,1074,Badlands Media,1:54:58,43290,2480,2022-10-17T10:37:10-04:00,22100,6898
1070,1075,rawvideonews,1:27,28826,14,2022-10-20T09:58:42-04:00,57,87
1071,1076,Bannons War Room,7:27,28850,478,2022-10-28T11:22:06-04:00,810000,447
1072,1077,ARK Media,0:32,26015,7,2022-10-26T05:22:28-04:00,7780,32
1073,1078,BonginoReport,0:12,28170,550,2022-10-18T09:53:31-04:00,490000,12
1074,1079,Medical Medium,27:09,51921,107,2022-10-17T14:09:32-04:00,54300,1629
1075,1080,The Gateway Pundit,1:34,29251,229,2022-10-11T06:00:31-04:00,156000,94
1076,1081,The Daily Caller,1:28,28095,128,2022-10-04T20:30:57-04:00,278000,88
1077,1082,Russell Brand,17:24,36996,3740,2022-10-18T13:00:00-04:00,767000,1044
1078,1083,Dan Bongino Show Clips,3:53,29273,668,2022-10-20T12:14:15-04:00,217000,233
1079,1084,makeleio,1:14,29761,6,2022-10-25T18:10:33-04:00,1800,74
1080,1085,NineForNews,2:10,29906,9,2022-10-08T15:40:21-04:00,117,130
1081,1086,vivafrei,1:45:50,36204,1560,2022-10-04T10:46:48-04:00,286000,6350
1082,1087,Stew Peters Network,56:58,37631,1080,2022-10-21T17:18:19-04:00,440000,3418
1083,1088,ARK Media,0:21,25902,4,2022-10-26T05:21:48-04:00,7780,21
1084,1089,ARK Media,0:33,25705,3,2022-10-26T04:57:26-04:00,7780,33
1085,1090,ARK Media,0:35,25701,10,2022-10-26T05:23:10-04:00,7780,35
1086,1091,Restored Republic,17:18,37344,674,2022-10-25T04:02:26-04:00,42000,1038
1087,1092,BonginoReport,0:50,27544,366,2022-10-24T08:55:04-04:00,490000,50
1088,1093,Talk Nerdy To Me,11:29,31485,132,2022-10-28T16:19:29-04:00,115,689
1089,1094,Restored Republic,13:04,35567,666,2022-10-07T05:20:33-04:00,42000,784
1090,1095,Awaken With JP,12:02,35715,3940,2022-10-18T18:00:00-04:00,417000,722
1091,1096,Danielle D'Souza Gill,0:25,26978,28,2022-10-10T16:58:08-04:00,5060,25
1092,1097,Bright Light News,2:06,34238,120,2022-10-27T16:18:56-04:00,8380,126
1093,1098,Dan Bongino Show Clips,6:22,29314,592,2022-10-06T12:06:42-04:00,217000,382
1094,1099,The Daily Caller,5:06,27410,143,2022-10-11T20:43:49-04:00,278000,306
1095,1100,The Dive With Jackson Hinkle,1:51:22,37683,1290,2022-10-12T20:46:28-04:00,68500,6682
1096,1101,The Medical Rebel,32:06,37653,518,2022-10-20T10:37:37-04:00,3140,1926
1097,1102,ARK Media,0:14,25421,4,2022-10-21T04:46:17-04:00,7780,14
1098,1103,The Rubin Report,34:52,39925,1590,2022-10-04T10:38:55-04:00,318000,2092
1099,1104,BonginoReport,1:05,26908,1070,2022-10-27T10:14:46-04:00,490000,65
1100,1105,Stew Peters Network,59:59,41729,1260,2022-10-25T17:08:05-04:00,440000,3599
1101,1106,The Charlie Kirk Show,2:59:52,44966,1000,2022-10-21T11:42:08-04:00,1040000,10792
1102,1107,Emerald Robinson,6:56,27286,48,2022-10-19T14:10:07-04:00,3080,416
1103,1108,The Daily Caller,2:23,26979,108,2022-10-31T17:08:01-04:00,278000,143
1104,1109,Restored Republic,21:20,35072,691,2022-10-26T04:39:18-04:00,42000,1280
1105,1110,Nicholas Veniamin,35:54,36636,1370,2022-10-19T12:43:35-04:00,60800,2154
1106,1111,Dinesh D'Souza,1:02,28273,1240,2022-10-07T16:30:10-04:00,1700000,62
1107,1112,The Dive With Jackson Hinkle,1:37:04,35064,1180,2022-10-18T20:58:26-04:00,68500,5824
1108,1113,ARK Media,4:24,25510,6,2022-10-04T05:24:39-04:00,7780,264
1109,1114,Badlands Media,1:45:26,44485,2029,2022-10-13T14:26:41-04:00,22100,6326
1110,1115,ViralHog,0:20,28442,13,2022-10-10T15:47:45-04:00,150000,20
1111,1116,The Charlie Kirk Show,2:00:16,40020,847,2022-10-24T11:38:39-04:00,1040000,7216
1112,1117,BonginoReport,2:20,28599,1190,2022-10-12T11:52:41-04:00,490000,140
1113,1118,Matt Kohrs,46:34,30855,1120,2022-10-03T16:29:09-04:00,50000,2794
1114,1119,therightscoop,1:36,27180,31,2022-10-30T15:31:52-04:00,1030,96
1115,1120,Nicholas Veniamin,39:58,34246,1200,2022-10-24T14:56:26-04:00,60800,2398
1116,1121,ARK Media,0:29,25587,7,2022-10-20T04:38:43-04:00,7780,29
1117,1122,The Rubin Report,53:16,39278,1930,2022-10-11T10:42:05-04:00,318000,3196
1118,1123,Restored Republic,1:02:55,36940,585,2022-10-06T06:08:59-04:00,42000,3775
1119,1124,The Post Millennial Clips,2:56,27559,81,2022-10-21T11:25:40-04:00,78900,176
1120,1125,Ark of Grace Ministries,1:26:24,42614,1400,2022-10-12T11:30:44-04:00,48700,5184
1121,1126,Benny Johnson,1:21:04,38416,1520,2022-10-10T10:53:56-04:00,193000,4864
1122,1127,Badlands Media,2:09:32,47483,2190,2022-10-16T12:59:43-04:00,22100,7772
1123,1128,The Daily Caller,5:47,27344,313,2022-10-31T19:45:59-04:00,278000,347
1124,1129,projectcamelot,1:04:05,37099,1020,2022-10-06T22:31:50-04:00,25700,3845
1125,1130,KYLENBECKER,2:16,26996,11,2022-10-18T12:45:42-04:00,3070,136
1126,1131,The Wayne Dupree Podcast,6:51,27824,63,2022-10-09T17:43:46-04:00,209000,411
1127,1132,Vigilant News,43:57,54649,19,2022-10-18T20:07:41-04:00,2650,2637
1128,1133,chrissyclark324,4:17,27049,18,2022-10-13T13:16:11-04:00,3,257
1129,1134,TheSaltyCracker,3:45,34276,5170,2022-10-31T15:16:52-04:00,228000,225
1130,1135,The Daily Caller,4:41,26293,120,2022-10-12T15:13:06-04:00,278000,281
1131,1136,TheSaltyCracker,5:49,32536,4680,2022-10-22T22:19:00-04:00,228000,349
1132,1137,vivafrei,9:13:44,34096,870,2022-10-26T08:44:13-04:00,286000,33224
1133,1138,Stew Peters Network,1:00:06,36842,723,2022-10-19T17:56:25-04:00,440000,3606
1134,1139,Medical Medium,40:29,50212,140,2022-10-18T16:05:56-04:00,54300,2429
1135,1140,Stew Peters Network,12:36,33765,804,2022-10-07T19:00:00-04:00,440000,756
1136,1141,Benny Johnson,1:11:05,36280,1170,2022-10-27T10:48:51-04:00,193000,4265
1137,1142,Restored Republic,20:58,35992,686,2022-10-19T04:06:01-04:00,42000,1258
1138,1143,Bright Light News,2:05,29017,93,2022-10-11T12:14:36-04:00,8380,125
1139,1144,Rebel News,8:20,28903,424,2022-10-23T18:45:59-04:00,273000,500
1140,1145,Restored Republic,21:31,34774,628,2022-10-04T05:14:18-04:00,42000,1291
1141,1146,The Post Millennial Clips,2:59,28174,132,2022-10-12T12:13:47-04:00,78900,179
1142,1147,The Charlie Kirk Show,1:04,27645,417,2022-10-24T20:21:12-04:00,1040000,64
1143,1148,The Rubin Report,47:58,38802,1550,2022-10-10T10:41:44-04:00,318000,2878
1144,1149,TexasLindsay,8:28,31108,144,2022-10-12T12:28:13-04:00,189,508
1145,1150,Warriors4ChristRise,1:42:26,35590,192,2022-10-19T21:40:28-04:00,1630,6146
1146,1151,Bannons War Room,2:52,27441,364,2022-10-17T11:04:36-04:00,810000,172
1147,1152,Brian Kilmeade,1:21,25790,276,2022-10-27T18:27:27-04:00,139000,81
1148,1153,Badlands Media,1:54:44,41295,1820,2022-10-18T13:21:02-04:00,22100,6884
1149,1154,On The Fringe,46:24,35818,2029,2022-10-30T17:19:23-04:00,49400,2784
1150,1155,Randy Booker,8:33,28852,334,2022-10-09T12:21:59-04:00,3540,513
1151,1156,The Gateway Pundit,0:54,26394,321,2022-10-27T13:38:41-04:00,156000,54
1152,1157,Awaken With JP,8:59,31706,2250,2022-10-18T11:00:00-04:00,417000,539
1153,1158,Badlands Media,1:29:22,39372,1780,2022-10-23T17:06:02-04:00,22100,5362
1154,1159,DC Enquirer,0:54,26184,22,2022-10-30T13:04:55-04:00,5890,54
1155,1160,Turtleboy Daily News,2:25:41,52613,7,2022-10-26T13:58:12-04:00,626,8741
1156,1161,Warriors4ChristRise,1:42:26,33048,88,2022-10-20T09:51:59-04:00,1630,6146
1157,1162,The Mel K Show,9:47:44,50411,1010,2022-10-20T20:21:59-04:00,157000,35264
1158,1163,MedeeaGreere,1:31,35823,275,2022-10-14T08:49:05-04:00,9080,91
1159,1164,The Ron Paul Liberty Report,33:04,34370,282,2022-10-25T11:49:21-04:00,264000,1984
1160,1165,vivafrei,1:12:23,36807,1980,2022-10-12T10:50:13-04:00,286000,4343
1161,1166,Hagmann Report,1:30:00,31658,329,2022-10-06T18:59:00-04:00,27500,5400
1162,1167,chrissyclark324,1:10,26204,3,2022-10-13T12:58:41-04:00,3,70
1163,1168,Restored Republic,16:49,34145,651,2022-10-28T04:59:19-04:00,42000,1009
1164,1169,KYLENBECKER,0:09,28388,9,2022-10-26T15:01:56-04:00,3070,9
1165,1170,Alison Morrow,1:25:45,32175,1080,2022-10-28T12:41:19-04:00,34800,5145
1166,1171,QNewsPatriot,0:37,31358,1430,2022-10-05T22:14:00-04:00,62500,37
1167,1172,Badlands Media,1:30:07,43364,3560,2022-10-10T18:46:32-04:00,22100,5407
1168,1173,Benny Johnson,1:07:16,36277,1510,2022-10-28T10:47:08-04:00,193000,4036
1169,1174,Bannons War Room,13:57,30961,921,2022-10-14T12:48:39-04:00,810000,837
1170,1175,shootingskittles,38:34,31476,9,2022-10-24T14:28:22-04:00,13,2314
1171,1176,Danielle D'Souza Gill,0:40,24887,20,2022-10-07T14:09:15-04:00,5060,40
1172,1177,TheSaltyCracker,8:57,32719,4840,2022-10-03T22:02:20-04:00,228000,537
1173,1178,ARK Media,0:59,24146,6,2022-10-20T04:38:00-04:00,7780,59
1174,1179,The Vigilant Fox,2:25,27750,76,2022-10-05T11:48:25-04:00,26400,145
1175,1180,Stew Peters Network,56:27,34329,662,2022-10-07T10:54:03-04:00,440000,3387
1176,1181,DC Enquirer,2:12,25474,6,2022-10-28T14:12:19-04:00,5890,132
1177,1182,Medical Medium,1:04:02,36642,148,2022-10-28T12:49:50-04:00,54300,3842
1178,1183,Health Ranger Report,1:08:43,32136,390,2022-10-10T11:48:30-04:00,43600,4123
1179,1184,Restored Republic,14:24,33770,545,2022-10-27T05:24:44-04:00,42000,864
1180,1185,RSBN Save America Trump Rallies and Speeches,1:46:59,33020,407,2022-10-09T22:02:33-04:00,28700,6419
1181,1186,BonginoReport,0:32,25604,722,2022-10-26T17:26:39-04:00,490000,32
1182,1187,The Charlie Kirk Show,2:59:25,41739,1290,2022-10-14T11:53:18-04:00,1040000,10765
1183,1188,BonginoReport,0:40,26097,820,2022-10-27T18:58:40-04:00,490000,40
1184,1189,Russell Brand,12:47,33437,3690,2022-10-12T13:19:49-04:00,767000,767
1185,1190,BonginoReport,1:25,25495,767,2022-10-17T17:15:46-04:00,490000,85
1186,1191,BonginoReport,2:02,26413,1170,2022-10-13T09:40:27-04:00,490000,122
1187,1192,il Donaldo Trumpo,0:31,26390,1850,2022-10-14T15:32:12-04:00,169000,31
1188,1193,White Hats Intel,14:00,30268,57,2022-10-19T04:00:00-04:00,7200,840
1189,1194,Dr. Drew,1:15:50,33112,990,2022-10-24T12:23:54-04:00,158000,4550
1190,1195,ARK Media,0:38,23861,2,2022-10-20T04:36:05-04:00,7780,38
1191,1196,BonginoReport,6:55,26755,1130,2022-10-23T09:51:33-04:00,490000,415
1192,1197,Medical Medium,58:13,43337,156,2022-10-20T23:32:20-04:00,54300,3493
1193,1198,BonginoReport,2:09,26328,831,2022-10-12T18:55:52-04:00,490000,129
1194,1199,RattleTrap1776,58:07,32359,1740,2022-10-11T00:08:32-04:00,22200,3487
1195,1200,Restored Republic,15:20,32681,605,2022-10-11T04:32:43-04:00,42000,920
1196,1201,ZeroHedge,8:25,27013,12,2022-10-10T13:05:02-04:00,805,505
1197,1202,Sean Hannity,1:31,28426,771,2022-10-08T08:45:16-04:00,1270000,91
1198,1203,ARK Media,0:09,23751,2,2022-10-20T04:37:30-04:00,7780,9
1199,1204,BonginoReport,6:13,25718,705,2022-10-06T10:14:59-04:00,490000,373
1200,1205,The Rubin Report,58:46,36472,1110,2022-11-01T10:54:25-04:00,318000,3526
1201,1206,Bannons War Room,17:42,30802,877,2022-10-20T17:58:39-04:00,810000,1062
1202,1207,Restored Republic,19:00,33304,614,2022-10-31T04:51:59-04:00,42000,1140
1203,1208,HodgeTwins,13:10,32341,3220,2022-10-09T14:38:49-04:00,726000,790
1204,1209,DefendingTheRepublic,53:08,31349,655,2022-10-21T16:51:48-04:00,6870,3188
1205,1210,Stew Peters Network,58:26,34692,1020,2022-10-14T17:12:40-04:00,440000,3506
1206,1211,ARK Media,0:20,23542,30,2022-10-20T04:36:54-04:00,7780,20
1207,1212,Patriots Base,38:40,29691,61,2022-10-13T20:00:00-04:00,59200,2320
1208,1213,Olive Tree Ministries,2:27:59,38474,497,2022-10-09T22:00:00-04:00,37200,8879
1209,1214,BonginoReport,0:42,24586,327,2022-10-04T13:39:53-04:00,490000,42
1210,1215,The Gateway Pundit,27:57,26465,416,2022-10-14T18:19:19-04:00,156000,1677
1211,1216,Stew Peters Network,57:56,37724,1000,2022-10-03T17:03:57-04:00,440000,3476
1212,1217,sonsoflibertyradiolive,58:58,51092,20,2022-11-01T14:17:04-04:00,12800,3538
1213,1218,childrenshealthdefense,1:33:30,28338,167,2022-10-05T18:45:02-04:00,15800,5610
1214,1219,Rocinoncii,0:32,25184,19,2022-10-09T19:50:58-04:00,8,32
1215,1220,Restored Republic,20:27,32701,639,2022-10-21T04:20:29-04:00,42000,1227
1216,1221,BonginoReport,0:41,25764,629,2022-10-28T09:49:45-04:00,490000,41
1217,1222,Red Voice Media,0:32,26865,160,2022-10-24T19:26:44-04:00,39700,32
1218,1223,RT,0:37,25590,283,2022-10-10T11:00:00-04:00,70000,37
1219,1224,BonginoReport,0:55,25772,1200,2022-10-20T17:53:10-04:00,490000,55
1220,1225,Lee Camp,1:10:24,29167,760,2022-10-15T10:44:12-04:00,26600,4224
1221,1226,il Donaldo Trumpo,0:28,30432,1530,2022-10-04T20:10:55-04:00,169000,28
